Date,Commodity,Provider,Product,Source Price,Currency,Unit,INR per MT,Source,Data Class
2025-09-09,AL,BALCO,AL_INGOT,250550.0,INR,MT,250550.0,DEMO simulator (seed 20260909),DEMO_DATA
2025-09-09,AL,HINDALCO,AL_INGOT,255150.0,INR,MT,255150.0,DEMO simulator (seed 20260909),DEMO_DATA
2025-09-09,AL,NALCO,AL_INGOT,251800.0,INR,MT,251800.0,DEMO simulator (seed 20260909),DEMO_DATA
2025-09-09,CU,BME,CU_CATHODE,889100.0,INR,MT,889100.0,DEMO simulator (seed 20260909),DEMO_DATA
2025-09-10,AL,BALCO,AL_INGOT,250550.0,INR,MT,250550.0,DEMO simulator (seed 20260909),DEMO_DATA
2025-09-10,AL,HINDALCO,AL_INGOT,255150.0,INR,MT,255150.0,DEMO simulator (seed 20260909),DEMO_DATA
2025-09-10,AL,NALCO,AL_INGOT,251800.0,INR,MT,251800.0,DEMO simulator (seed 20260909),DEMO_DATA
2025-09-10,CU,BME,CU_CATHODE,884100.0,INR,MT,884100.0,DEMO simulator (seed 20260909),DEMO_DATA
2025-09-11,AL,BALCO,AL_INGOT,250550.0,INR,MT,250550.0,DEMO simulator (seed 20260909),DEMO_DATA
2025-09-11,AL,HINDALCO,AL_INGOT,256350.0,INR,MT,256350.0,DEMO simulator (seed 20260909),DEMO_DATA
2025-09-11,AL,NALCO,AL_INGOT,250250.0,INR,MT,250250.0,DEMO simulator (seed 20260909),DEMO_DATA
2025-09-11,CU,BME,CU_CATHODE,885450.0,INR,MT,885450.0,DEMO simulator (seed 20260909),DEMO_DATA
2025-09-12,AL,BALCO,AL_INGOT,250550.0,INR,MT,250550.0,DEMO simulator (seed 20260909),DEMO_DATA
2025-09-12,AL,HINDALCO,AL_INGOT,256350.0,INR,MT,256350.0,DEMO simulator (seed 20260909),DEMO_DATA
2025-09-12,AL,NALCO,AL_INGOT,250250.0,INR,MT,250250.0,DEMO simulator (seed 20260909),DEMO_DATA
2025-09-12,CU,BME,CU_CATHODE,893950.0,INR,MT,893950.0,DEMO simulator (seed 20260909),DEMO_DATA
2025-09-15,AL,BALCO,AL_INGOT,250550.0,INR,MT,250550.0,DEMO simulator (seed 20260909),DEMO_DATA
2025-09-15,AL,HINDALCO,AL_INGOT,256350.0,INR,MT,256350.0,DEMO simulator (seed 20260909),DEMO_DATA
2025-09-15,AL,NALCO,AL_INGOT,250250.0,INR,MT,250250.0,DEMO simulator (seed 20260909),DEMO_DATA
2025-09-15,CU,BME,CU_CATHODE,893950.0,INR,MT,893950.0,DEMO simulator (seed 20260909),DEMO_DATA
2025-09-16,AL,BALCO,AL_INGOT,250550.0,INR,MT,250550.0,DEMO simulator (seed 20260909),DEMO_DATA
2025-09-16,AL,HINDALCO,AL_INGOT,256350.0,INR,MT,256350.0,DEMO simulator (seed 20260909),DEMO_DATA
2025-09-16,AL,NALCO,AL_INGOT,250250.0,INR,MT,250250.0,DEMO simulator (seed 20260909),DEMO_DATA
2025-09-16,CU,BME,CU_CATHODE,861850.0,INR,MT,861850.0,DEMO simulator (seed 20260909),DEMO_DATA
2025-09-17,AL,BALCO,AL_INGOT,250850.0,INR,MT,250850.0,DEMO simulator (seed 20260909),DEMO_DATA
2025-09-17,AL,HINDALCO,AL_INGOT,253000.0,INR,MT,253000.0,DEMO simulator (seed 20260909),DEMO_DATA
2025-09-17,AL,NALCO,AL_INGOT,250250.0,INR,MT,250250.0,DEMO simulator (seed 20260909),DEMO_DATA
2025-09-17,CU,BME,CU_CATHODE,860650.0,INR,MT,860650.0,DEMO simulator (seed 20260909),DEMO_DATA
2025-09-18,AL,BALCO,AL_INGOT,250850.0,INR,MT,250850.0,DEMO simulator (seed 20260909),DEMO_DATA
2025-09-18,AL,HINDALCO,AL_INGOT,253000.0,INR,MT,253000.0,DEMO simulator (seed 20260909),DEMO_DATA
2025-09-18,AL,NALCO,AL_INGOT,250250.0,INR,MT,250250.0,DEMO simulator (seed 20260909),DEMO_DATA
2025-09-18,CU,BME,CU_CATHODE,860650.0,INR,MT,860650.0,DEMO simulator (seed 20260909),DEMO_DATA
2025-09-19,AL,BALCO,AL_INGOT,250850.0,INR,MT,250850.0,DEMO simulator (seed 20260909),DEMO_DATA
2025-09-19,AL,HINDALCO,AL_INGOT,253000.0,INR,MT,253000.0,DEMO simulator (seed 20260909),DEMO_DATA
2025-09-19,AL,NALCO,AL_INGOT,250250.0,INR,MT,250250.0,DEMO simulator (seed 20260909),DEMO_DATA
2025-09-19,CU,BME,CU_CATHODE,856750.0,INR,MT,856750.0,DEMO simulator (seed 20260909),DEMO_DATA
2025-09-22,AL,BALCO,AL_INGOT,250850.0,INR,MT,250850.0,DEMO simulator (seed 20260909),DEMO_DATA
2025-09-22,AL,HINDALCO,AL_INGOT,253000.0,INR,MT,253000.0,DEMO simulator (seed 20260909),DEMO_DATA
2025-09-22,AL,NALCO,AL_INGOT,250250.0,INR,MT,250250.0,DEMO simulator (seed 20260909),DEMO_DATA
2025-09-22,CU,BME,CU_CATHODE,863400.0,INR,MT,863400.0,DEMO simulator (seed 20260909),DEMO_DATA
2025-09-23,AL,BALCO,AL_INGOT,250850.0,INR,MT,250850.0,DEMO simulator (seed 20260909),DEMO_DATA
2025-09-23,AL,HINDALCO,AL_INGOT,253000.0,INR,MT,253000.0,DEMO simulator (seed 20260909),DEMO_DATA
2025-09-23,AL,NALCO,AL_INGOT,246350.0,INR,MT,246350.0,DEMO simulator (seed 20260909),DEMO_DATA
2025-09-23,CU,BME,CU_CATHODE,871200.0,INR,MT,871200.0,DEMO simulator (seed 20260909),DEMO_DATA
2025-09-24,AL,BALCO,AL_INGOT,250850.0,INR,MT,250850.0,DEMO simulator (seed 20260909),DEMO_DATA
2025-09-24,AL,HINDALCO,AL_INGOT,249150.0,INR,MT,249150.0,DEMO simulator (seed 20260909),DEMO_DATA
2025-09-24,AL,NALCO,AL_INGOT,246350.0,INR,MT,246350.0,DEMO simulator (seed 20260909),DEMO_DATA
2025-09-24,CU,BME,CU_CATHODE,871200.0,INR,MT,871200.0,DEMO simulator (seed 20260909),DEMO_DATA
2025-09-25,AL,BALCO,AL_INGOT,248300.0,INR,MT,248300.0,DEMO simulator (seed 20260909),DEMO_DATA
2025-09-25,AL,HINDALCO,AL_INGOT,249150.0,INR,MT,249150.0,DEMO simulator (seed 20260909),DEMO_DATA
2025-09-25,AL,NALCO,AL_INGOT,246350.0,INR,MT,246350.0,DEMO simulator (seed 20260909),DEMO_DATA
2025-09-25,CU,BME,CU_CATHODE,866100.0,INR,MT,866100.0,DEMO simulator (seed 20260909),DEMO_DATA
2025-09-26,AL,BALCO,AL_INGOT,248300.0,INR,MT,248300.0,DEMO simulator (seed 20260909),DEMO_DATA
2025-09-26,AL,HINDALCO,AL_INGOT,249150.0,INR,MT,249150.0,DEMO simulator (seed 20260909),DEMO_DATA
2025-09-26,AL,NALCO,AL_INGOT,246350.0,INR,MT,246350.0,DEMO simulator (seed 20260909),DEMO_DATA
2025-09-26,CU,BME,CU_CATHODE,866100.0,INR,MT,866100.0,DEMO simulator (seed 20260909),DEMO_DATA
2025-09-29,AL,BALCO,AL_INGOT,248300.0,INR,MT,248300.0,DEMO simulator (seed 20260909),DEMO_DATA
2025-09-29,AL,HINDALCO,AL_INGOT,249150.0,INR,MT,249150.0,DEMO simulator (seed 20260909),DEMO_DATA
2025-09-29,AL,NALCO,AL_INGOT,246350.0,INR,MT,246350.0,DEMO simulator (seed 20260909),DEMO_DATA
2025-09-29,CU,BME,CU_CATHODE,842000.0,INR,MT,842000.0,DEMO simulator (seed 20260909),DEMO_DATA
2025-09-30,AL,BALCO,AL_INGOT,248300.0,INR,MT,248300.0,DEMO simulator (seed 20260909),DEMO_DATA
2025-09-30,AL,HINDALCO,AL_INGOT,246950.0,INR,MT,246950.0,DEMO simulator (seed 20260909),DEMO_DATA
2025-09-30,AL,NALCO,AL_INGOT,246350.0,INR,MT,246350.0,DEMO simulator (seed 20260909),DEMO_DATA
2025-09-30,CU,BME,CU_CATHODE,842000.0,INR,MT,842000.0,DEMO simulator (seed 20260909),DEMO_DATA
2025-10-01,AL,BALCO,AL_INGOT,248300.0,INR,MT,248300.0,DEMO simulator (seed 20260909),DEMO_DATA
2025-10-01,AL,HINDALCO,AL_INGOT,246950.0,INR,MT,246950.0,DEMO simulator (seed 20260909),DEMO_DATA
2025-10-01,AL,NALCO,AL_INGOT,246350.0,INR,MT,246350.0,DEMO simulator (seed 20260909),DEMO_DATA
2025-10-01,CU,BME,CU_CATHODE,886850.0,INR,MT,886850.0,DEMO simulator (seed 20260909),DEMO_DATA
2025-10-02,AL,BALCO,AL_INGOT,248300.0,INR,MT,248300.0,DEMO simulator (seed 20260909),DEMO_DATA
2025-10-02,AL,HINDALCO,AL_INGOT,246950.0,INR,MT,246950.0,DEMO simulator (seed 20260909),DEMO_DATA
2025-10-02,AL,NALCO,AL_INGOT,246350.0,INR,MT,246350.0,DEMO simulator (seed 20260909),DEMO_DATA
2025-10-02,CU,BME,CU_CATHODE,885050.0,INR,MT,885050.0,DEMO simulator (seed 20260909),DEMO_DATA
2025-10-03,AL,BALCO,AL_INGOT,248300.0,INR,MT,248300.0,DEMO simulator (seed 20260909),DEMO_DATA
2025-10-03,AL,HINDALCO,AL_INGOT,246950.0,INR,MT,246950.0,DEMO simulator (seed 20260909),DEMO_DATA
2025-10-03,AL,NALCO,AL_INGOT,239200.0,INR,MT,239200.0,DEMO simulator (seed 20260909),DEMO_DATA
2025-10-03,CU,BME,CU_CATHODE,886100.0,INR,MT,886100.0,DEMO simulator (seed 20260909),DEMO_DATA
2025-10-06,AL,BALCO,AL_INGOT,245800.0,INR,MT,245800.0,DEMO simulator (seed 20260909),DEMO_DATA
2025-10-06,AL,HINDALCO,AL_INGOT,246950.0,INR,MT,246950.0,DEMO simulator (seed 20260909),DEMO_DATA
2025-10-06,AL,NALCO,AL_INGOT,239200.0,INR,MT,239200.0,DEMO simulator (seed 20260909),DEMO_DATA
2025-10-06,CU,BME,CU_CATHODE,886100.0,INR,MT,886100.0,DEMO simulator (seed 20260909),DEMO_DATA
2025-10-07,AL,BALCO,AL_INGOT,245800.0,INR,MT,245800.0,DEMO simulator (seed 20260909),DEMO_DATA
2025-10-07,AL,HINDALCO,AL_INGOT,246950.0,INR,MT,246950.0,DEMO simulator (seed 20260909),DEMO_DATA
2025-10-07,AL,NALCO,AL_INGOT,239200.0,INR,MT,239200.0,DEMO simulator (seed 20260909),DEMO_DATA
2025-10-07,CU,BME,CU_CATHODE,880050.0,INR,MT,880050.0,DEMO simulator (seed 20260909),DEMO_DATA
2025-10-08,AL,BALCO,AL_INGOT,245800.0,INR,MT,245800.0,DEMO simulator (seed 20260909),DEMO_DATA
2025-10-08,AL,HINDALCO,AL_INGOT,246950.0,INR,MT,246950.0,DEMO simulator (seed 20260909),DEMO_DATA
2025-10-08,AL,NALCO,AL_INGOT,239200.0,INR,MT,239200.0,DEMO simulator (seed 20260909),DEMO_DATA
2025-10-08,CU,BME,CU_CATHODE,886100.0,INR,MT,886100.0,DEMO simulator (seed 20260909),DEMO_DATA
2025-10-09,AL,BALCO,AL_INGOT,248800.0,INR,MT,248800.0,DEMO simulator (seed 20260909),DEMO_DATA
2025-10-09,AL,HINDALCO,AL_INGOT,246550.0,INR,MT,246550.0,DEMO simulator (seed 20260909),DEMO_DATA
2025-10-09,AL,NALCO,AL_INGOT,239200.0,INR,MT,239200.0,DEMO simulator (seed 20260909),DEMO_DATA
2025-10-09,CU,BME,CU_CATHODE,886100.0,INR,MT,886100.0,DEMO simulator (seed 20260909),DEMO_DATA
2025-10-10,AL,BALCO,AL_INGOT,248800.0,INR,MT,248800.0,DEMO simulator (seed 20260909),DEMO_DATA
2025-10-10,AL,HINDALCO,AL_INGOT,246550.0,INR,MT,246550.0,DEMO simulator (seed 20260909),DEMO_DATA
2025-10-10,AL,NALCO,AL_INGOT,239200.0,INR,MT,239200.0,DEMO simulator (seed 20260909),DEMO_DATA
2025-10-10,CU,BME,CU_CATHODE,891000.0,INR,MT,891000.0,DEMO simulator (seed 20260909),DEMO_DATA
2025-10-13,AL,BALCO,AL_INGOT,248800.0,INR,MT,248800.0,DEMO simulator (seed 20260909),DEMO_DATA
2025-10-13,AL,HINDALCO,AL_INGOT,246550.0,INR,MT,246550.0,DEMO simulator (seed 20260909),DEMO_DATA
2025-10-13,AL,NALCO,AL_INGOT,239200.0,INR,MT,239200.0,DEMO simulator (seed 20260909),DEMO_DATA
2025-10-13,CU,BME,CU_CATHODE,891000.0,INR,MT,891000.0,DEMO simulator (seed 20260909),DEMO_DATA
2025-10-14,AL,BALCO,AL_INGOT,248800.0,INR,MT,248800.0,DEMO simulator (seed 20260909),DEMO_DATA
2025-10-14,AL,HINDALCO,AL_INGOT,246550.0,INR,MT,246550.0,DEMO simulator (seed 20260909),DEMO_DATA
2025-10-14,AL,NALCO,AL_INGOT,239200.0,INR,MT,239200.0,DEMO simulator (seed 20260909),DEMO_DATA
2025-10-14,CU,BME,CU_CATHODE,899300.0,INR,MT,899300.0,DEMO simulator (seed 20260909),DEMO_DATA
2025-10-15,AL,BALCO,AL_INGOT,248800.0,INR,MT,248800.0,DEMO simulator (seed 20260909),DEMO_DATA
2025-10-15,AL,HINDALCO,AL_INGOT,244850.0,INR,MT,244850.0,DEMO simulator (seed 20260909),DEMO_DATA
2025-10-15,AL,NALCO,AL_INGOT,243650.0,INR,MT,243650.0,DEMO simulator (seed 20260909),DEMO_DATA
2025-10-15,CU,BME,CU_CATHODE,899300.0,INR,MT,899300.0,DEMO simulator (seed 20260909),DEMO_DATA
2025-10-16,AL,BALCO,AL_INGOT,248800.0,INR,MT,248800.0,DEMO simulator (seed 20260909),DEMO_DATA
2025-10-16,AL,HINDALCO,AL_INGOT,244850.0,INR,MT,244850.0,DEMO simulator (seed 20260909),DEMO_DATA
2025-10-16,AL,NALCO,AL_INGOT,243650.0,INR,MT,243650.0,DEMO simulator (seed 20260909),DEMO_DATA
2025-10-16,CU,BME,CU_CATHODE,892050.0,INR,MT,892050.0,DEMO simulator (seed 20260909),DEMO_DATA
2025-10-17,AL,BALCO,AL_INGOT,248800.0,INR,MT,248800.0,DEMO simulator (seed 20260909),DEMO_DATA
2025-10-17,AL,HINDALCO,AL_INGOT,244850.0,INR,MT,244850.0,DEMO simulator (seed 20260909),DEMO_DATA
2025-10-17,AL,NALCO,AL_INGOT,243650.0,INR,MT,243650.0,DEMO simulator (seed 20260909),DEMO_DATA
2025-10-17,CU,BME,CU_CATHODE,878250.0,INR,MT,878250.0,DEMO simulator (seed 20260909),DEMO_DATA
2025-10-20,AL,BALCO,AL_INGOT,253500.0,INR,MT,253500.0,DEMO simulator (seed 20260909),DEMO_DATA
2025-10-20,AL,HINDALCO,AL_INGOT,244850.0,INR,MT,244850.0,DEMO simulator (seed 20260909),DEMO_DATA
2025-10-20,AL,NALCO,AL_INGOT,243650.0,INR,MT,243650.0,DEMO simulator (seed 20260909),DEMO_DATA
2025-10-20,CU,BME,CU_CATHODE,878250.0,INR,MT,878250.0,DEMO simulator (seed 20260909),DEMO_DATA
2025-10-21,AL,BALCO,AL_INGOT,253500.0,INR,MT,253500.0,DEMO simulator (seed 20260909),DEMO_DATA
2025-10-21,AL,HINDALCO,AL_INGOT,244850.0,INR,MT,244850.0,DEMO simulator (seed 20260909),DEMO_DATA
2025-10-21,AL,NALCO,AL_INGOT,243650.0,INR,MT,243650.0,DEMO simulator (seed 20260909),DEMO_DATA
2025-10-21,CU,BME,CU_CATHODE,865650.0,INR,MT,865650.0,DEMO simulator (seed 20260909),DEMO_DATA
2025-10-22,AL,BALCO,AL_INGOT,253500.0,INR,MT,253500.0,DEMO simulator (seed 20260909),DEMO_DATA
2025-10-22,AL,HINDALCO,AL_INGOT,244850.0,INR,MT,244850.0,DEMO simulator (seed 20260909),DEMO_DATA
2025-10-22,AL,NALCO,AL_INGOT,243650.0,INR,MT,243650.0,DEMO simulator (seed 20260909),DEMO_DATA
2025-10-22,CU,BME,CU_CATHODE,859300.0,INR,MT,859300.0,DEMO simulator (seed 20260909),DEMO_DATA
2025-10-23,AL,BALCO,AL_INGOT,253500.0,INR,MT,253500.0,DEMO simulator (seed 20260909),DEMO_DATA
2025-10-23,AL,HINDALCO,AL_INGOT,244850.0,INR,MT,244850.0,DEMO simulator (seed 20260909),DEMO_DATA
2025-10-23,AL,NALCO,AL_INGOT,247200.0,INR,MT,247200.0,DEMO simulator (seed 20260909),DEMO_DATA
2025-10-23,CU,BME,CU_CATHODE,859300.0,INR,MT,859300.0,DEMO simulator (seed 20260909),DEMO_DATA
2025-10-24,AL,BALCO,AL_INGOT,247650.0,INR,MT,247650.0,DEMO simulator (seed 20260909),DEMO_DATA
2025-10-24,AL,HINDALCO,AL_INGOT,244850.0,INR,MT,244850.0,DEMO simulator (seed 20260909),DEMO_DATA
2025-10-24,AL,NALCO,AL_INGOT,247200.0,INR,MT,247200.0,DEMO simulator (seed 20260909),DEMO_DATA
2025-10-24,CU,BME,CU_CATHODE,843700.0,INR,MT,843700.0,DEMO simulator (seed 20260909),DEMO_DATA
2025-10-27,AL,BALCO,AL_INGOT,247650.0,INR,MT,247650.0,DEMO simulator (seed 20260909),DEMO_DATA
2025-10-27,AL,HINDALCO,AL_INGOT,246250.0,INR,MT,246250.0,DEMO simulator (seed 20260909),DEMO_DATA
2025-10-27,AL,NALCO,AL_INGOT,247200.0,INR,MT,247200.0,DEMO simulator (seed 20260909),DEMO_DATA
2025-10-27,CU,BME,CU_CATHODE,843700.0,INR,MT,843700.0,DEMO simulator (seed 20260909),DEMO_DATA
2025-10-28,AL,BALCO,AL_INGOT,247650.0,INR,MT,247650.0,DEMO simulator (seed 20260909),DEMO_DATA
2025-10-28,AL,HINDALCO,AL_INGOT,246250.0,INR,MT,246250.0,DEMO simulator (seed 20260909),DEMO_DATA
2025-10-28,AL,NALCO,AL_INGOT,244650.0,INR,MT,244650.0,DEMO simulator (seed 20260909),DEMO_DATA
2025-10-28,CU,BME,CU_CATHODE,847400.0,INR,MT,847400.0,DEMO simulator (seed 20260909),DEMO_DATA
2025-10-29,AL,BALCO,AL_INGOT,245000.0,INR,MT,245000.0,DEMO simulator (seed 20260909),DEMO_DATA
2025-10-29,AL,HINDALCO,AL_INGOT,246250.0,INR,MT,246250.0,DEMO simulator (seed 20260909),DEMO_DATA
2025-10-29,AL,NALCO,AL_INGOT,244650.0,INR,MT,244650.0,DEMO simulator (seed 20260909),DEMO_DATA
2025-10-29,CU,BME,CU_CATHODE,847400.0,INR,MT,847400.0,DEMO simulator (seed 20260909),DEMO_DATA
2025-10-30,AL,BALCO,AL_INGOT,245000.0,INR,MT,245000.0,DEMO simulator (seed 20260909),DEMO_DATA
2025-10-30,AL,HINDALCO,AL_INGOT,246250.0,INR,MT,246250.0,DEMO simulator (seed 20260909),DEMO_DATA
2025-10-30,AL,NALCO,AL_INGOT,244650.0,INR,MT,244650.0,DEMO simulator (seed 20260909),DEMO_DATA
2025-10-30,CU,BME,CU_CATHODE,825550.0,INR,MT,825550.0,DEMO simulator (seed 20260909),DEMO_DATA
2025-10-31,AL,BALCO,AL_INGOT,245000.0,INR,MT,245000.0,DEMO simulator (seed 20260909),DEMO_DATA
2025-10-31,AL,HINDALCO,AL_INGOT,246250.0,INR,MT,246250.0,DEMO simulator (seed 20260909),DEMO_DATA
2025-10-31,AL,NALCO,AL_INGOT,244650.0,INR,MT,244650.0,DEMO simulator (seed 20260909),DEMO_DATA
2025-10-31,CU,BME,CU_CATHODE,836400.0,INR,MT,836400.0,DEMO simulator (seed 20260909),DEMO_DATA
2025-11-03,AL,BALCO,AL_INGOT,238300.0,INR,MT,238300.0,DEMO simulator (seed 20260909),DEMO_DATA
2025-11-03,AL,HINDALCO,AL_INGOT,246250.0,INR,MT,246250.0,DEMO simulator (seed 20260909),DEMO_DATA
2025-11-03,AL,NALCO,AL_INGOT,244650.0,INR,MT,244650.0,DEMO simulator (seed 20260909),DEMO_DATA
2025-11-03,CU,BME,CU_CATHODE,835700.0,INR,MT,835700.0,DEMO simulator (seed 20260909),DEMO_DATA
2025-11-04,AL,BALCO,AL_INGOT,238300.0,INR,MT,238300.0,DEMO simulator (seed 20260909),DEMO_DATA
2025-11-04,AL,HINDALCO,AL_INGOT,246250.0,INR,MT,246250.0,DEMO simulator (seed 20260909),DEMO_DATA
2025-11-04,AL,NALCO,AL_INGOT,244650.0,INR,MT,244650.0,DEMO simulator (seed 20260909),DEMO_DATA
2025-11-04,CU,BME,CU_CATHODE,832400.0,INR,MT,832400.0,DEMO simulator (seed 20260909),DEMO_DATA
2025-11-05,AL,BALCO,AL_INGOT,238300.0,INR,MT,238300.0,DEMO simulator (seed 20260909),DEMO_DATA
2025-11-05,AL,HINDALCO,AL_INGOT,246250.0,INR,MT,246250.0,DEMO simulator (seed 20260909),DEMO_DATA
2025-11-05,AL,NALCO,AL_INGOT,244650.0,INR,MT,244650.0,DEMO simulator (seed 20260909),DEMO_DATA
2025-11-05,CU,BME,CU_CATHODE,832400.0,INR,MT,832400.0,DEMO simulator (seed 20260909),DEMO_DATA
2025-11-06,AL,BALCO,AL_INGOT,238300.0,INR,MT,238300.0,DEMO simulator (seed 20260909),DEMO_DATA
2025-11-06,AL,HINDALCO,AL_INGOT,244900.0,INR,MT,244900.0,DEMO simulator (seed 20260909),DEMO_DATA
2025-11-06,AL,NALCO,AL_INGOT,238700.0,INR,MT,238700.0,DEMO simulator (seed 20260909),DEMO_DATA
2025-11-06,CU,BME,CU_CATHODE,825650.0,INR,MT,825650.0,DEMO simulator (seed 20260909),DEMO_DATA
2025-11-07,AL,BALCO,AL_INGOT,238300.0,INR,MT,238300.0,DEMO simulator (seed 20260909),DEMO_DATA
2025-11-07,AL,HINDALCO,AL_INGOT,244900.0,INR,MT,244900.0,DEMO simulator (seed 20260909),DEMO_DATA
2025-11-07,AL,NALCO,AL_INGOT,238700.0,INR,MT,238700.0,DEMO simulator (seed 20260909),DEMO_DATA
2025-11-07,CU,BME,CU_CATHODE,831200.0,INR,MT,831200.0,DEMO simulator (seed 20260909),DEMO_DATA
2025-11-10,AL,BALCO,AL_INGOT,238300.0,INR,MT,238300.0,DEMO simulator (seed 20260909),DEMO_DATA
2025-11-10,AL,HINDALCO,AL_INGOT,244900.0,INR,MT,244900.0,DEMO simulator (seed 20260909),DEMO_DATA
2025-11-10,AL,NALCO,AL_INGOT,238700.0,INR,MT,238700.0,DEMO simulator (seed 20260909),DEMO_DATA
2025-11-10,CU,BME,CU_CATHODE,831200.0,INR,MT,831200.0,DEMO simulator (seed 20260909),DEMO_DATA
2025-11-11,AL,BALCO,AL_INGOT,238300.0,INR,MT,238300.0,DEMO simulator (seed 20260909),DEMO_DATA
2025-11-11,AL,HINDALCO,AL_INGOT,247400.0,INR,MT,247400.0,DEMO simulator (seed 20260909),DEMO_DATA
2025-11-11,AL,NALCO,AL_INGOT,238700.0,INR,MT,238700.0,DEMO simulator (seed 20260909),DEMO_DATA
2025-11-11,CU,BME,CU_CATHODE,830250.0,INR,MT,830250.0,DEMO simulator (seed 20260909),DEMO_DATA
2025-11-12,AL,BALCO,AL_INGOT,241450.0,INR,MT,241450.0,DEMO simulator (seed 20260909),DEMO_DATA
2025-11-12,AL,HINDALCO,AL_INGOT,247400.0,INR,MT,247400.0,DEMO simulator (seed 20260909),DEMO_DATA
2025-11-12,AL,NALCO,AL_INGOT,242550.0,INR,MT,242550.0,DEMO simulator (seed 20260909),DEMO_DATA
2025-11-12,CU,BME,CU_CATHODE,830250.0,INR,MT,830250.0,DEMO simulator (seed 20260909),DEMO_DATA
2025-11-13,AL,BALCO,AL_INGOT,241450.0,INR,MT,241450.0,DEMO simulator (seed 20260909),DEMO_DATA
2025-11-13,AL,HINDALCO,AL_INGOT,247400.0,INR,MT,247400.0,DEMO simulator (seed 20260909),DEMO_DATA
2025-11-13,AL,NALCO,AL_INGOT,242550.0,INR,MT,242550.0,DEMO simulator (seed 20260909),DEMO_DATA
2025-11-13,CU,BME,CU_CATHODE,805450.0,INR,MT,805450.0,DEMO simulator (seed 20260909),DEMO_DATA
2025-11-14,AL,BALCO,AL_INGOT,241450.0,INR,MT,241450.0,DEMO simulator (seed 20260909),DEMO_DATA
2025-11-14,AL,HINDALCO,AL_INGOT,247400.0,INR,MT,247400.0,DEMO simulator (seed 20260909),DEMO_DATA
2025-11-14,AL,NALCO,AL_INGOT,242550.0,INR,MT,242550.0,DEMO simulator (seed 20260909),DEMO_DATA
2025-11-14,CU,BME,CU_CATHODE,805450.0,INR,MT,805450.0,DEMO simulator (seed 20260909),DEMO_DATA
2025-11-17,AL,BALCO,AL_INGOT,243250.0,INR,MT,243250.0,DEMO simulator (seed 20260909),DEMO_DATA
2025-11-17,AL,HINDALCO,AL_INGOT,247400.0,INR,MT,247400.0,DEMO simulator (seed 20260909),DEMO_DATA
2025-11-17,AL,NALCO,AL_INGOT,242550.0,INR,MT,242550.0,DEMO simulator (seed 20260909),DEMO_DATA
2025-11-17,CU,BME,CU_CATHODE,786550.0,INR,MT,786550.0,DEMO simulator (seed 20260909),DEMO_DATA
2025-11-18,AL,BALCO,AL_INGOT,243250.0,INR,MT,243250.0,DEMO simulator (seed 20260909),DEMO_DATA
2025-11-18,AL,HINDALCO,AL_INGOT,247400.0,INR,MT,247400.0,DEMO simulator (seed 20260909),DEMO_DATA
2025-11-18,AL,NALCO,AL_INGOT,242550.0,INR,MT,242550.0,DEMO simulator (seed 20260909),DEMO_DATA
2025-11-18,CU,BME,CU_CATHODE,778000.0,INR,MT,778000.0,DEMO simulator (seed 20260909),DEMO_DATA
2025-11-19,AL,BALCO,AL_INGOT,243250.0,INR,MT,243250.0,DEMO simulator (seed 20260909),DEMO_DATA
2025-11-19,AL,HINDALCO,AL_INGOT,247400.0,INR,MT,247400.0,DEMO simulator (seed 20260909),DEMO_DATA
2025-11-19,AL,NALCO,AL_INGOT,250400.0,INR,MT,250400.0,DEMO simulator (seed 20260909),DEMO_DATA
2025-11-19,CU,BME,CU_CATHODE,778000.0,INR,MT,778000.0,DEMO simulator (seed 20260909),DEMO_DATA
2025-11-20,AL,BALCO,AL_INGOT,245250.0,INR,MT,245250.0,DEMO simulator (seed 20260909),DEMO_DATA
2025-11-20,AL,HINDALCO,AL_INGOT,247400.0,INR,MT,247400.0,DEMO simulator (seed 20260909),DEMO_DATA
2025-11-20,AL,NALCO,AL_INGOT,250400.0,INR,MT,250400.0,DEMO simulator (seed 20260909),DEMO_DATA
2025-11-20,CU,BME,CU_CATHODE,781700.0,INR,MT,781700.0,DEMO simulator (seed 20260909),DEMO_DATA
2025-11-21,AL,BALCO,AL_INGOT,245250.0,INR,MT,245250.0,DEMO simulator (seed 20260909),DEMO_DATA
2025-11-21,AL,HINDALCO,AL_INGOT,253000.0,INR,MT,253000.0,DEMO simulator (seed 20260909),DEMO_DATA
2025-11-21,AL,NALCO,AL_INGOT,250400.0,INR,MT,250400.0,DEMO simulator (seed 20260909),DEMO_DATA
2025-11-21,CU,BME,CU_CATHODE,781700.0,INR,MT,781700.0,DEMO simulator (seed 20260909),DEMO_DATA
2025-11-24,AL,BALCO,AL_INGOT,245250.0,INR,MT,245250.0,DEMO simulator (seed 20260909),DEMO_DATA
2025-11-24,AL,HINDALCO,AL_INGOT,253000.0,INR,MT,253000.0,DEMO simulator (seed 20260909),DEMO_DATA
2025-11-24,AL,NALCO,AL_INGOT,250400.0,INR,MT,250400.0,DEMO simulator (seed 20260909),DEMO_DATA
2025-11-24,CU,BME,CU_CATHODE,775450.0,INR,MT,775450.0,DEMO simulator (seed 20260909),DEMO_DATA
2025-11-25,AL,BALCO,AL_INGOT,245250.0,INR,MT,245250.0,DEMO simulator (seed 20260909),DEMO_DATA
2025-11-25,AL,HINDALCO,AL_INGOT,253000.0,INR,MT,253000.0,DEMO simulator (seed 20260909),DEMO_DATA
2025-11-25,AL,NALCO,AL_INGOT,250400.0,INR,MT,250400.0,DEMO simulator (seed 20260909),DEMO_DATA
2025-11-25,CU,BME,CU_CATHODE,781050.0,INR,MT,781050.0,DEMO simulator (seed 20260909),DEMO_DATA
2025-11-26,AL,BALCO,AL_INGOT,245250.0,INR,MT,245250.0,DEMO simulator (seed 20260909),DEMO_DATA
2025-11-26,AL,HINDALCO,AL_INGOT,253000.0,INR,MT,253000.0,DEMO simulator (seed 20260909),DEMO_DATA
2025-11-26,AL,NALCO,AL_INGOT,251800.0,INR,MT,251800.0,DEMO simulator (seed 20260909),DEMO_DATA
2025-11-26,CU,BME,CU_CATHODE,781050.0,INR,MT,781050.0,DEMO simulator (seed 20260909),DEMO_DATA
2025-11-27,AL,BALCO,AL_INGOT,245550.0,INR,MT,245550.0,DEMO simulator (seed 20260909),DEMO_DATA
2025-11-27,AL,HINDALCO,AL_INGOT,253000.0,INR,MT,253000.0,DEMO simulator (seed 20260909),DEMO_DATA
2025-11-27,AL,NALCO,AL_INGOT,251800.0,INR,MT,251800.0,DEMO simulator (seed 20260909),DEMO_DATA
2025-11-27,CU,BME,CU_CATHODE,791150.0,INR,MT,791150.0,DEMO simulator (seed 20260909),DEMO_DATA
2025-11-28,AL,BALCO,AL_INGOT,245550.0,INR,MT,245550.0,DEMO simulator (seed 20260909),DEMO_DATA
2025-11-28,AL,HINDALCO,AL_INGOT,253000.0,INR,MT,253000.0,DEMO simulator (seed 20260909),DEMO_DATA
2025-11-28,AL,NALCO,AL_INGOT,251800.0,INR,MT,251800.0,DEMO simulator (seed 20260909),DEMO_DATA
2025-11-28,CU,BME,CU_CATHODE,800750.0,INR,MT,800750.0,DEMO simulator (seed 20260909),DEMO_DATA
2025-12-01,AL,BALCO,AL_INGOT,245550.0,INR,MT,245550.0,DEMO simulator (seed 20260909),DEMO_DATA
2025-12-01,AL,HINDALCO,AL_INGOT,253000.0,INR,MT,253000.0,DEMO simulator (seed 20260909),DEMO_DATA
2025-12-01,AL,NALCO,AL_INGOT,251800.0,INR,MT,251800.0,DEMO simulator (seed 20260909),DEMO_DATA
2025-12-01,CU,BME,CU_CATHODE,779150.0,INR,MT,779150.0,DEMO simulator (seed 20260909),DEMO_DATA
2025-12-02,AL,BALCO,AL_INGOT,245550.0,INR,MT,245550.0,DEMO simulator (seed 20260909),DEMO_DATA
2025-12-02,AL,HINDALCO,AL_INGOT,253000.0,INR,MT,253000.0,DEMO simulator (seed 20260909),DEMO_DATA
2025-12-02,AL,NALCO,AL_INGOT,251800.0,INR,MT,251800.0,DEMO simulator (seed 20260909),DEMO_DATA
2025-12-02,CU,BME,CU_CATHODE,779150.0,INR,MT,779150.0,DEMO simulator (seed 20260909),DEMO_DATA
2025-12-03,AL,BALCO,AL_INGOT,245550.0,INR,MT,245550.0,DEMO simulator (seed 20260909),DEMO_DATA
2025-12-03,AL,HINDALCO,AL_INGOT,239450.0,INR,MT,239450.0,DEMO simulator (seed 20260909),DEMO_DATA
2025-12-03,AL,NALCO,AL_INGOT,238600.0,INR,MT,238600.0,DEMO simulator (seed 20260909),DEMO_DATA
2025-12-03,CU,BME,CU_CATHODE,779850.0,INR,MT,779850.0,DEMO simulator (seed 20260909),DEMO_DATA
2025-12-04,AL,BALCO,AL_INGOT,245550.0,INR,MT,245550.0,DEMO simulator (seed 20260909),DEMO_DATA
2025-12-04,AL,HINDALCO,AL_INGOT,239450.0,INR,MT,239450.0,DEMO simulator (seed 20260909),DEMO_DATA
2025-12-04,AL,NALCO,AL_INGOT,238600.0,INR,MT,238600.0,DEMO simulator (seed 20260909),DEMO_DATA
2025-12-04,CU,BME,CU_CATHODE,779850.0,INR,MT,779850.0,DEMO simulator (seed 20260909),DEMO_DATA
2025-12-05,AL,BALCO,AL_INGOT,238450.0,INR,MT,238450.0,DEMO simulator (seed 20260909),DEMO_DATA
2025-12-05,AL,HINDALCO,AL_INGOT,239450.0,INR,MT,239450.0,DEMO simulator (seed 20260909),DEMO_DATA
2025-12-05,AL,NALCO,AL_INGOT,238600.0,INR,MT,238600.0,DEMO simulator (seed 20260909),DEMO_DATA
2025-12-05,CU,BME,CU_CATHODE,770200.0,INR,MT,770200.0,DEMO simulator (seed 20260909),DEMO_DATA
2025-12-08,AL,BALCO,AL_INGOT,238450.0,INR,MT,238450.0,DEMO simulator (seed 20260909),DEMO_DATA
2025-12-08,AL,HINDALCO,AL_INGOT,239450.0,INR,MT,239450.0,DEMO simulator (seed 20260909),DEMO_DATA
2025-12-08,AL,NALCO,AL_INGOT,239900.0,INR,MT,239900.0,DEMO simulator (seed 20260909),DEMO_DATA
2025-12-08,CU,BME,CU_CATHODE,770200.0,INR,MT,770200.0,DEMO simulator (seed 20260909),DEMO_DATA
2025-12-09,AL,BALCO,AL_INGOT,238450.0,INR,MT,238450.0,DEMO simulator (seed 20260909),DEMO_DATA
2025-12-09,AL,HINDALCO,AL_INGOT,239450.0,INR,MT,239450.0,DEMO simulator (seed 20260909),DEMO_DATA
2025-12-09,AL,NALCO,AL_INGOT,239900.0,INR,MT,239900.0,DEMO simulator (seed 20260909),DEMO_DATA
2025-12-09,CU,BME,CU_CATHODE,800800.0,INR,MT,800800.0,DEMO simulator (seed 20260909),DEMO_DATA
2025-12-10,AL,BALCO,AL_INGOT,238450.0,INR,MT,238450.0,DEMO simulator (seed 20260909),DEMO_DATA
2025-12-10,AL,HINDALCO,AL_INGOT,242150.0,INR,MT,242150.0,DEMO simulator (seed 20260909),DEMO_DATA
2025-12-10,AL,NALCO,AL_INGOT,239900.0,INR,MT,239900.0,DEMO simulator (seed 20260909),DEMO_DATA
2025-12-10,CU,BME,CU_CATHODE,785150.0,INR,MT,785150.0,DEMO simulator (seed 20260909),DEMO_DATA
2025-12-11,AL,BALCO,AL_INGOT,238450.0,INR,MT,238450.0,DEMO simulator (seed 20260909),DEMO_DATA
2025-12-11,AL,HINDALCO,AL_INGOT,242150.0,INR,MT,242150.0,DEMO simulator (seed 20260909),DEMO_DATA
2025-12-11,AL,NALCO,AL_INGOT,237650.0,INR,MT,237650.0,DEMO simulator (seed 20260909),DEMO_DATA
2025-12-11,CU,BME,CU_CATHODE,785550.0,INR,MT,785550.0,DEMO simulator (seed 20260909),DEMO_DATA
2025-12-12,AL,BALCO,AL_INGOT,238450.0,INR,MT,238450.0,DEMO simulator (seed 20260909),DEMO_DATA
2025-12-12,AL,HINDALCO,AL_INGOT,242150.0,INR,MT,242150.0,DEMO simulator (seed 20260909),DEMO_DATA
2025-12-12,AL,NALCO,AL_INGOT,237650.0,INR,MT,237650.0,DEMO simulator (seed 20260909),DEMO_DATA
2025-12-12,CU,BME,CU_CATHODE,785550.0,INR,MT,785550.0,DEMO simulator (seed 20260909),DEMO_DATA
2025-12-15,AL,BALCO,AL_INGOT,238450.0,INR,MT,238450.0,DEMO simulator (seed 20260909),DEMO_DATA
2025-12-15,AL,HINDALCO,AL_INGOT,242150.0,INR,MT,242150.0,DEMO simulator (seed 20260909),DEMO_DATA
2025-12-15,AL,NALCO,AL_INGOT,237650.0,INR,MT,237650.0,DEMO simulator (seed 20260909),DEMO_DATA
2025-12-15,CU,BME,CU_CATHODE,788550.0,INR,MT,788550.0,DEMO simulator (seed 20260909),DEMO_DATA
2025-12-16,AL,BALCO,AL_INGOT,238450.0,INR,MT,238450.0,DEMO simulator (seed 20260909),DEMO_DATA
2025-12-16,AL,HINDALCO,AL_INGOT,242150.0,INR,MT,242150.0,DEMO simulator (seed 20260909),DEMO_DATA
2025-12-16,AL,NALCO,AL_INGOT,237650.0,INR,MT,237650.0,DEMO simulator (seed 20260909),DEMO_DATA
2025-12-16,CU,BME,CU_CATHODE,783300.0,INR,MT,783300.0,DEMO simulator (seed 20260909),DEMO_DATA
2025-12-17,AL,BALCO,AL_INGOT,239550.0,INR,MT,239550.0,DEMO simulator (seed 20260909),DEMO_DATA
2025-12-17,AL,HINDALCO,AL_INGOT,242150.0,INR,MT,242150.0,DEMO simulator (seed 20260909),DEMO_DATA
2025-12-17,AL,NALCO,AL_INGOT,241250.0,INR,MT,241250.0,DEMO simulator (seed 20260909),DEMO_DATA
2025-12-17,CU,BME,CU_CATHODE,787350.0,INR,MT,787350.0,DEMO simulator (seed 20260909),DEMO_DATA
2025-12-18,AL,BALCO,AL_INGOT,239550.0,INR,MT,239550.0,DEMO simulator (seed 20260909),DEMO_DATA
2025-12-18,AL,HINDALCO,AL_INGOT,242150.0,INR,MT,242150.0,DEMO simulator (seed 20260909),DEMO_DATA
2025-12-18,AL,NALCO,AL_INGOT,241250.0,INR,MT,241250.0,DEMO simulator (seed 20260909),DEMO_DATA
2025-12-18,CU,BME,CU_CATHODE,787350.0,INR,MT,787350.0,DEMO simulator (seed 20260909),DEMO_DATA
2025-12-19,AL,BALCO,AL_INGOT,239550.0,INR,MT,239550.0,DEMO simulator (seed 20260909),DEMO_DATA
2025-12-19,AL,HINDALCO,AL_INGOT,242150.0,INR,MT,242150.0,DEMO simulator (seed 20260909),DEMO_DATA
2025-12-19,AL,NALCO,AL_INGOT,241250.0,INR,MT,241250.0,DEMO simulator (seed 20260909),DEMO_DATA
2025-12-19,CU,BME,CU_CATHODE,779500.0,INR,MT,779500.0,DEMO simulator (seed 20260909),DEMO_DATA
2025-12-22,AL,BALCO,AL_INGOT,239550.0,INR,MT,239550.0,DEMO simulator (seed 20260909),DEMO_DATA
2025-12-22,AL,HINDALCO,AL_INGOT,245750.0,INR,MT,245750.0,DEMO simulator (seed 20260909),DEMO_DATA
2025-12-22,AL,NALCO,AL_INGOT,241250.0,INR,MT,241250.0,DEMO simulator (seed 20260909),DEMO_DATA
2025-12-22,CU,BME,CU_CATHODE,762500.0,INR,MT,762500.0,DEMO simulator (seed 20260909),DEMO_DATA
2025-12-23,AL,BALCO,AL_INGOT,239550.0,INR,MT,239550.0,DEMO simulator (seed 20260909),DEMO_DATA
2025-12-23,AL,HINDALCO,AL_INGOT,245750.0,INR,MT,245750.0,DEMO simulator (seed 20260909),DEMO_DATA
2025-12-23,AL,NALCO,AL_INGOT,241250.0,INR,MT,241250.0,DEMO simulator (seed 20260909),DEMO_DATA
2025-12-23,CU,BME,CU_CATHODE,762500.0,INR,MT,762500.0,DEMO simulator (seed 20260909),DEMO_DATA
2025-12-24,AL,BALCO,AL_INGOT,239550.0,INR,MT,239550.0,DEMO simulator (seed 20260909),DEMO_DATA
2025-12-24,AL,HINDALCO,AL_INGOT,245750.0,INR,MT,245750.0,DEMO simulator (seed 20260909),DEMO_DATA
2025-12-24,AL,NALCO,AL_INGOT,241250.0,INR,MT,241250.0,DEMO simulator (seed 20260909),DEMO_DATA
2025-12-24,CU,BME,CU_CATHODE,745750.0,INR,MT,745750.0,DEMO simulator (seed 20260909),DEMO_DATA
2025-12-25,AL,BALCO,AL_INGOT,237200.0,INR,MT,237200.0,DEMO simulator (seed 20260909),DEMO_DATA
2025-12-25,AL,HINDALCO,AL_INGOT,245750.0,INR,MT,245750.0,DEMO simulator (seed 20260909),DEMO_DATA
2025-12-25,AL,NALCO,AL_INGOT,241250.0,INR,MT,241250.0,DEMO simulator (seed 20260909),DEMO_DATA
2025-12-25,CU,BME,CU_CATHODE,743900.0,INR,MT,743900.0,DEMO simulator (seed 20260909),DEMO_DATA
2025-12-26,AL,BALCO,AL_INGOT,237200.0,INR,MT,237200.0,DEMO simulator (seed 20260909),DEMO_DATA
2025-12-26,AL,HINDALCO,AL_INGOT,245750.0,INR,MT,245750.0,DEMO simulator (seed 20260909),DEMO_DATA
2025-12-26,AL,NALCO,AL_INGOT,241250.0,INR,MT,241250.0,DEMO simulator (seed 20260909),DEMO_DATA
2025-12-26,CU,BME,CU_CATHODE,744100.0,INR,MT,744100.0,DEMO simulator (seed 20260909),DEMO_DATA
2025-12-29,AL,BALCO,AL_INGOT,237200.0,INR,MT,237200.0,DEMO simulator (seed 20260909),DEMO_DATA
2025-12-29,AL,HINDALCO,AL_INGOT,245750.0,INR,MT,245750.0,DEMO simulator (seed 20260909),DEMO_DATA
2025-12-29,AL,NALCO,AL_INGOT,248150.0,INR,MT,248150.0,DEMO simulator (seed 20260909),DEMO_DATA
2025-12-29,CU,BME,CU_CATHODE,744100.0,INR,MT,744100.0,DEMO simulator (seed 20260909),DEMO_DATA
2025-12-30,AL,BALCO,AL_INGOT,237200.0,INR,MT,237200.0,DEMO simulator (seed 20260909),DEMO_DATA
2025-12-30,AL,HINDALCO,AL_INGOT,245750.0,INR,MT,245750.0,DEMO simulator (seed 20260909),DEMO_DATA
2025-12-30,AL,NALCO,AL_INGOT,248150.0,INR,MT,248150.0,DEMO simulator (seed 20260909),DEMO_DATA
2025-12-30,CU,BME,CU_CATHODE,767900.0,INR,MT,767900.0,DEMO simulator (seed 20260909),DEMO_DATA
2025-12-31,AL,BALCO,AL_INGOT,248900.0,INR,MT,248900.0,DEMO simulator (seed 20260909),DEMO_DATA
2025-12-31,AL,HINDALCO,AL_INGOT,245750.0,INR,MT,245750.0,DEMO simulator (seed 20260909),DEMO_DATA
2025-12-31,AL,NALCO,AL_INGOT,248150.0,INR,MT,248150.0,DEMO simulator (seed 20260909),DEMO_DATA
2025-12-31,CU,BME,CU_CATHODE,753750.0,INR,MT,753750.0,DEMO simulator (seed 20260909),DEMO_DATA
2026-01-01,AL,BALCO,AL_INGOT,248900.0,INR,MT,248900.0,DEMO simulator (seed 20260909),DEMO_DATA
2026-01-01,AL,HINDALCO,AL_INGOT,256650.0,INR,MT,256650.0,DEMO simulator (seed 20260909),DEMO_DATA
2026-01-01,AL,NALCO,AL_INGOT,248150.0,INR,MT,248150.0,DEMO simulator (seed 20260909),DEMO_DATA
2026-01-01,CU,BME,CU_CATHODE,753750.0,INR,MT,753750.0,DEMO simulator (seed 20260909),DEMO_DATA
2026-01-02,AL,BALCO,AL_INGOT,248900.0,INR,MT,248900.0,DEMO simulator (seed 20260909),DEMO_DATA
2026-01-02,AL,HINDALCO,AL_INGOT,256650.0,INR,MT,256650.0,DEMO simulator (seed 20260909),DEMO_DATA
2026-01-02,AL,NALCO,AL_INGOT,248150.0,INR,MT,248150.0,DEMO simulator (seed 20260909),DEMO_DATA
2026-01-02,CU,BME,CU_CATHODE,745050.0,INR,MT,745050.0,DEMO simulator (seed 20260909),DEMO_DATA
2026-01-05,AL,BALCO,AL_INGOT,254200.0,INR,MT,254200.0,DEMO simulator (seed 20260909),DEMO_DATA
2026-01-05,AL,HINDALCO,AL_INGOT,256650.0,INR,MT,256650.0,DEMO simulator (seed 20260909),DEMO_DATA
2026-01-05,AL,NALCO,AL_INGOT,248150.0,INR,MT,248150.0,DEMO simulator (seed 20260909),DEMO_DATA
2026-01-05,CU,BME,CU_CATHODE,753250.0,INR,MT,753250.0,DEMO simulator (seed 20260909),DEMO_DATA
2026-01-06,AL,BALCO,AL_INGOT,254200.0,INR,MT,254200.0,DEMO simulator (seed 20260909),DEMO_DATA
2026-01-06,AL,HINDALCO,AL_INGOT,256650.0,INR,MT,256650.0,DEMO simulator (seed 20260909),DEMO_DATA
2026-01-06,AL,NALCO,AL_INGOT,248150.0,INR,MT,248150.0,DEMO simulator (seed 20260909),DEMO_DATA
2026-01-06,CU,BME,CU_CATHODE,753250.0,INR,MT,753250.0,DEMO simulator (seed 20260909),DEMO_DATA
2026-01-07,AL,BALCO,AL_INGOT,254200.0,INR,MT,254200.0,DEMO simulator (seed 20260909),DEMO_DATA
2026-01-07,AL,HINDALCO,AL_INGOT,260650.0,INR,MT,260650.0,DEMO simulator (seed 20260909),DEMO_DATA
2026-01-07,AL,NALCO,AL_INGOT,256800.0,INR,MT,256800.0,DEMO simulator (seed 20260909),DEMO_DATA
2026-01-07,CU,BME,CU_CATHODE,764450.0,INR,MT,764450.0,DEMO simulator (seed 20260909),DEMO_DATA
2026-01-08,AL,BALCO,AL_INGOT,254650.0,INR,MT,254650.0,DEMO simulator (seed 20260909),DEMO_DATA
2026-01-08,AL,HINDALCO,AL_INGOT,260650.0,INR,MT,260650.0,DEMO simulator (seed 20260909),DEMO_DATA
2026-01-08,AL,NALCO,AL_INGOT,256800.0,INR,MT,256800.0,DEMO simulator (seed 20260909),DEMO_DATA
2026-01-08,CU,BME,CU_CATHODE,764450.0,INR,MT,764450.0,DEMO simulator (seed 20260909),DEMO_DATA
2026-01-09,AL,BALCO,AL_INGOT,254650.0,INR,MT,254650.0,DEMO simulator (seed 20260909),DEMO_DATA
2026-01-09,AL,HINDALCO,AL_INGOT,260650.0,INR,MT,260650.0,DEMO simulator (seed 20260909),DEMO_DATA
2026-01-09,AL,NALCO,AL_INGOT,256800.0,INR,MT,256800.0,DEMO simulator (seed 20260909),DEMO_DATA
2026-01-09,CU,BME,CU_CATHODE,737800.0,INR,MT,737800.0,DEMO simulator (seed 20260909),DEMO_DATA
2026-01-12,AL,BALCO,AL_INGOT,254650.0,INR,MT,254650.0,DEMO simulator (seed 20260909),DEMO_DATA
2026-01-12,AL,HINDALCO,AL_INGOT,260650.0,INR,MT,260650.0,DEMO simulator (seed 20260909),DEMO_DATA
2026-01-12,AL,NALCO,AL_INGOT,256800.0,INR,MT,256800.0,DEMO simulator (seed 20260909),DEMO_DATA
2026-01-12,CU,BME,CU_CATHODE,734950.0,INR,MT,734950.0,DEMO simulator (seed 20260909),DEMO_DATA
2026-01-13,AL,BALCO,AL_INGOT,254650.0,INR,MT,254650.0,DEMO simulator (seed 20260909),DEMO_DATA
2026-01-13,AL,HINDALCO,AL_INGOT,260650.0,INR,MT,260650.0,DEMO simulator (seed 20260909),DEMO_DATA
2026-01-13,AL,NALCO,AL_INGOT,256800.0,INR,MT,256800.0,DEMO simulator (seed 20260909),DEMO_DATA
2026-01-13,CU,BME,CU_CATHODE,734950.0,INR,MT,734950.0,DEMO simulator (seed 20260909),DEMO_DATA
2026-01-14,AL,BALCO,AL_INGOT,254650.0,INR,MT,254650.0,DEMO simulator (seed 20260909),DEMO_DATA
2026-01-14,AL,HINDALCO,AL_INGOT,267100.0,INR,MT,267100.0,DEMO simulator (seed 20260909),DEMO_DATA
2026-01-14,AL,NALCO,AL_INGOT,256800.0,INR,MT,256800.0,DEMO simulator (seed 20260909),DEMO_DATA
2026-01-14,CU,BME,CU_CATHODE,751900.0,INR,MT,751900.0,DEMO simulator (seed 20260909),DEMO_DATA
2026-01-15,AL,BALCO,AL_INGOT,262950.0,INR,MT,262950.0,DEMO simulator (seed 20260909),DEMO_DATA
2026-01-15,AL,HINDALCO,AL_INGOT,267100.0,INR,MT,267100.0,DEMO simulator (seed 20260909),DEMO_DATA
2026-01-15,AL,NALCO,AL_INGOT,262900.0,INR,MT,262900.0,DEMO simulator (seed 20260909),DEMO_DATA
2026-01-15,CU,BME,CU_CATHODE,751900.0,INR,MT,751900.0,DEMO simulator (seed 20260909),DEMO_DATA
2026-01-16,AL,BALCO,AL_INGOT,262950.0,INR,MT,262950.0,DEMO simulator (seed 20260909),DEMO_DATA
2026-01-16,AL,HINDALCO,AL_INGOT,267100.0,INR,MT,267100.0,DEMO simulator (seed 20260909),DEMO_DATA
2026-01-16,AL,NALCO,AL_INGOT,262900.0,INR,MT,262900.0,DEMO simulator (seed 20260909),DEMO_DATA
2026-01-16,CU,BME,CU_CATHODE,739700.0,INR,MT,739700.0,DEMO simulator (seed 20260909),DEMO_DATA
2026-01-19,AL,BALCO,AL_INGOT,262950.0,INR,MT,262950.0,DEMO simulator (seed 20260909),DEMO_DATA
2026-01-19,AL,HINDALCO,AL_INGOT,267100.0,INR,MT,267100.0,DEMO simulator (seed 20260909),DEMO_DATA
2026-01-19,AL,NALCO,AL_INGOT,262900.0,INR,MT,262900.0,DEMO simulator (seed 20260909),DEMO_DATA
2026-01-19,CU,BME,CU_CATHODE,751700.0,INR,MT,751700.0,DEMO simulator (seed 20260909),DEMO_DATA
2026-01-20,AL,BALCO,AL_INGOT,262950.0,INR,MT,262950.0,DEMO simulator (seed 20260909),DEMO_DATA
2026-01-20,AL,HINDALCO,AL_INGOT,265600.0,INR,MT,265600.0,DEMO simulator (seed 20260909),DEMO_DATA
2026-01-20,AL,NALCO,AL_INGOT,261000.0,INR,MT,261000.0,DEMO simulator (seed 20260909),DEMO_DATA
2026-01-20,CU,BME,CU_CATHODE,751700.0,INR,MT,751700.0,DEMO simulator (seed 20260909),DEMO_DATA
2026-01-21,AL,BALCO,AL_INGOT,262950.0,INR,MT,262950.0,DEMO simulator (seed 20260909),DEMO_DATA
2026-01-21,AL,HINDALCO,AL_INGOT,265600.0,INR,MT,265600.0,DEMO simulator (seed 20260909),DEMO_DATA
2026-01-21,AL,NALCO,AL_INGOT,261000.0,INR,MT,261000.0,DEMO simulator (seed 20260909),DEMO_DATA
2026-01-21,CU,BME,CU_CATHODE,747650.0,INR,MT,747650.0,DEMO simulator (seed 20260909),DEMO_DATA
2026-01-22,AL,BALCO,AL_INGOT,262950.0,INR,MT,262950.0,DEMO simulator (seed 20260909),DEMO_DATA
2026-01-22,AL,HINDALCO,AL_INGOT,265600.0,INR,MT,265600.0,DEMO simulator (seed 20260909),DEMO_DATA
2026-01-22,AL,NALCO,AL_INGOT,261000.0,INR,MT,261000.0,DEMO simulator (seed 20260909),DEMO_DATA
2026-01-22,CU,BME,CU_CATHODE,748950.0,INR,MT,748950.0,DEMO simulator (seed 20260909),DEMO_DATA
2026-01-23,AL,BALCO,AL_INGOT,265300.0,INR,MT,265300.0,DEMO simulator (seed 20260909),DEMO_DATA
2026-01-23,AL,HINDALCO,AL_INGOT,265600.0,INR,MT,265600.0,DEMO simulator (seed 20260909),DEMO_DATA
2026-01-23,AL,NALCO,AL_INGOT,261000.0,INR,MT,261000.0,DEMO simulator (seed 20260909),DEMO_DATA
2026-01-23,CU,BME,CU_CATHODE,764850.0,INR,MT,764850.0,DEMO simulator (seed 20260909),DEMO_DATA
2026-01-26,AL,BALCO,AL_INGOT,265300.0,INR,MT,265300.0,DEMO simulator (seed 20260909),DEMO_DATA
2026-01-26,AL,HINDALCO,AL_INGOT,265600.0,INR,MT,265600.0,DEMO simulator (seed 20260909),DEMO_DATA
2026-01-26,AL,NALCO,AL_INGOT,261000.0,INR,MT,261000.0,DEMO simulator (seed 20260909),DEMO_DATA
2026-01-26,CU,BME,CU_CATHODE,770350.0,INR,MT,770350.0,DEMO simulator (seed 20260909),DEMO_DATA
2026-01-27,AL,BALCO,AL_INGOT,265300.0,INR,MT,265300.0,DEMO simulator (seed 20260909),DEMO_DATA
2026-01-27,AL,HINDALCO,AL_INGOT,267550.0,INR,MT,267550.0,DEMO simulator (seed 20260909),DEMO_DATA
2026-01-27,AL,NALCO,AL_INGOT,264750.0,INR,MT,264750.0,DEMO simulator (seed 20260909),DEMO_DATA
2026-01-27,CU,BME,CU_CATHODE,784000.0,INR,MT,784000.0,DEMO simulator (seed 20260909),DEMO_DATA
2026-01-28,AL,BALCO,AL_INGOT,265300.0,INR,MT,265300.0,DEMO simulator (seed 20260909),DEMO_DATA
2026-01-28,AL,HINDALCO,AL_INGOT,267550.0,INR,MT,267550.0,DEMO simulator (seed 20260909),DEMO_DATA
2026-01-28,AL,NALCO,AL_INGOT,264750.0,INR,MT,264750.0,DEMO simulator (seed 20260909),DEMO_DATA
2026-01-28,CU,BME,CU_CATHODE,784000.0,INR,MT,784000.0,DEMO simulator (seed 20260909),DEMO_DATA
2026-01-29,AL,BALCO,AL_INGOT,261950.0,INR,MT,261950.0,DEMO simulator (seed 20260909),DEMO_DATA
2026-01-29,AL,HINDALCO,AL_INGOT,267550.0,INR,MT,267550.0,DEMO simulator (seed 20260909),DEMO_DATA
2026-01-29,AL,NALCO,AL_INGOT,264750.0,INR,MT,264750.0,DEMO simulator (seed 20260909),DEMO_DATA
2026-01-29,CU,BME,CU_CATHODE,815950.0,INR,MT,815950.0,DEMO simulator (seed 20260909),DEMO_DATA
2026-01-30,AL,BALCO,AL_INGOT,261950.0,INR,MT,261950.0,DEMO simulator (seed 20260909),DEMO_DATA
2026-01-30,AL,HINDALCO,AL_INGOT,267550.0,INR,MT,267550.0,DEMO simulator (seed 20260909),DEMO_DATA
2026-01-30,AL,NALCO,AL_INGOT,264750.0,INR,MT,264750.0,DEMO simulator (seed 20260909),DEMO_DATA
2026-01-30,CU,BME,CU_CATHODE,826750.0,INR,MT,826750.0,DEMO simulator (seed 20260909),DEMO_DATA
2026-02-02,AL,BALCO,AL_INGOT,261950.0,INR,MT,261950.0,DEMO simulator (seed 20260909),DEMO_DATA
2026-02-02,AL,HINDALCO,AL_INGOT,268850.0,INR,MT,268850.0,DEMO simulator (seed 20260909),DEMO_DATA
2026-02-02,AL,NALCO,AL_INGOT,266850.0,INR,MT,266850.0,DEMO simulator (seed 20260909),DEMO_DATA
2026-02-02,CU,BME,CU_CATHODE,826750.0,INR,MT,826750.0,DEMO simulator (seed 20260909),DEMO_DATA
2026-02-03,AL,BALCO,AL_INGOT,261950.0,INR,MT,261950.0,DEMO simulator (seed 20260909),DEMO_DATA
2026-02-03,AL,HINDALCO,AL_INGOT,268850.0,INR,MT,268850.0,DEMO simulator (seed 20260909),DEMO_DATA
2026-02-03,AL,NALCO,AL_INGOT,266850.0,INR,MT,266850.0,DEMO simulator (seed 20260909),DEMO_DATA
2026-02-03,CU,BME,CU_CATHODE,822500.0,INR,MT,822500.0,DEMO simulator (seed 20260909),DEMO_DATA
2026-02-04,AL,BALCO,AL_INGOT,262900.0,INR,MT,262900.0,DEMO simulator (seed 20260909),DEMO_DATA
2026-02-04,AL,HINDALCO,AL_INGOT,268850.0,INR,MT,268850.0,DEMO simulator (seed 20260909),DEMO_DATA
2026-02-04,AL,NALCO,AL_INGOT,266850.0,INR,MT,266850.0,DEMO simulator (seed 20260909),DEMO_DATA
2026-02-04,CU,BME,CU_CATHODE,822500.0,INR,MT,822500.0,DEMO simulator (seed 20260909),DEMO_DATA
2026-02-05,AL,BALCO,AL_INGOT,262900.0,INR,MT,262900.0,DEMO simulator (seed 20260909),DEMO_DATA
2026-02-05,AL,HINDALCO,AL_INGOT,271200.0,INR,MT,271200.0,DEMO simulator (seed 20260909),DEMO_DATA
2026-02-05,AL,NALCO,AL_INGOT,268100.0,INR,MT,268100.0,DEMO simulator (seed 20260909),DEMO_DATA
2026-02-05,CU,BME,CU_CATHODE,827200.0,INR,MT,827200.0,DEMO simulator (seed 20260909),DEMO_DATA
2026-02-06,AL,BALCO,AL_INGOT,262900.0,INR,MT,262900.0,DEMO simulator (seed 20260909),DEMO_DATA
2026-02-06,AL,HINDALCO,AL_INGOT,271200.0,INR,MT,271200.0,DEMO simulator (seed 20260909),DEMO_DATA
2026-02-06,AL,NALCO,AL_INGOT,268100.0,INR,MT,268100.0,DEMO simulator (seed 20260909),DEMO_DATA
2026-02-06,CU,BME,CU_CATHODE,827200.0,INR,MT,827200.0,DEMO simulator (seed 20260909),DEMO_DATA
2026-02-09,AL,BALCO,AL_INGOT,262900.0,INR,MT,262900.0,DEMO simulator (seed 20260909),DEMO_DATA
2026-02-09,AL,HINDALCO,AL_INGOT,271200.0,INR,MT,271200.0,DEMO simulator (seed 20260909),DEMO_DATA
2026-02-09,AL,NALCO,AL_INGOT,268100.0,INR,MT,268100.0,DEMO simulator (seed 20260909),DEMO_DATA
2026-02-09,CU,BME,CU_CATHODE,834050.0,INR,MT,834050.0,DEMO simulator (seed 20260909),DEMO_DATA
2026-02-10,AL,BALCO,AL_INGOT,262700.0,INR,MT,262700.0,DEMO simulator (seed 20260909),DEMO_DATA
2026-02-10,AL,HINDALCO,AL_INGOT,271200.0,INR,MT,271200.0,DEMO simulator (seed 20260909),DEMO_DATA
2026-02-10,AL,NALCO,AL_INGOT,268100.0,INR,MT,268100.0,DEMO simulator (seed 20260909),DEMO_DATA
2026-02-10,CU,BME,CU_CATHODE,831450.0,INR,MT,831450.0,DEMO simulator (seed 20260909),DEMO_DATA
2026-02-11,AL,BALCO,AL_INGOT,262700.0,INR,MT,262700.0,DEMO simulator (seed 20260909),DEMO_DATA
2026-02-11,AL,HINDALCO,AL_INGOT,271200.0,INR,MT,271200.0,DEMO simulator (seed 20260909),DEMO_DATA
2026-02-11,AL,NALCO,AL_INGOT,268100.0,INR,MT,268100.0,DEMO simulator (seed 20260909),DEMO_DATA
2026-02-11,CU,BME,CU_CATHODE,831450.0,INR,MT,831450.0,DEMO simulator (seed 20260909),DEMO_DATA
2026-02-12,AL,BALCO,AL_INGOT,262700.0,INR,MT,262700.0,DEMO simulator (seed 20260909),DEMO_DATA
2026-02-12,AL,HINDALCO,AL_INGOT,271200.0,INR,MT,271200.0,DEMO simulator (seed 20260909),DEMO_DATA
2026-02-12,AL,NALCO,AL_INGOT,268100.0,INR,MT,268100.0,DEMO simulator (seed 20260909),DEMO_DATA
2026-02-12,CU,BME,CU_CATHODE,812100.0,INR,MT,812100.0,DEMO simulator (seed 20260909),DEMO_DATA
2026-02-13,AL,BALCO,AL_INGOT,262700.0,INR,MT,262700.0,DEMO simulator (seed 20260909),DEMO_DATA
2026-02-13,AL,HINDALCO,AL_INGOT,271200.0,INR,MT,271200.0,DEMO simulator (seed 20260909),DEMO_DATA
2026-02-13,AL,NALCO,AL_INGOT,268100.0,INR,MT,268100.0,DEMO simulator (seed 20260909),DEMO_DATA
2026-02-13,CU,BME,CU_CATHODE,817650.0,INR,MT,817650.0,DEMO simulator (seed 20260909),DEMO_DATA
2026-02-16,AL,BALCO,AL_INGOT,260200.0,INR,MT,260200.0,DEMO simulator (seed 20260909),DEMO_DATA
2026-02-16,AL,HINDALCO,AL_INGOT,271200.0,INR,MT,271200.0,DEMO simulator (seed 20260909),DEMO_DATA
2026-02-16,AL,NALCO,AL_INGOT,258500.0,INR,MT,258500.0,DEMO simulator (seed 20260909),DEMO_DATA
2026-02-16,CU,BME,CU_CATHODE,817650.0,INR,MT,817650.0,DEMO simulator (seed 20260909),DEMO_DATA
2026-02-17,AL,BALCO,AL_INGOT,260200.0,INR,MT,260200.0,DEMO simulator (seed 20260909),DEMO_DATA
2026-02-17,AL,HINDALCO,AL_INGOT,261800.0,INR,MT,261800.0,DEMO simulator (seed 20260909),DEMO_DATA
2026-02-17,AL,NALCO,AL_INGOT,258500.0,INR,MT,258500.0,DEMO simulator (seed 20260909),DEMO_DATA
2026-02-17,CU,BME,CU_CATHODE,824550.0,INR,MT,824550.0,DEMO simulator (seed 20260909),DEMO_DATA
2026-02-18,AL,BALCO,AL_INGOT,260200.0,INR,MT,260200.0,DEMO simulator (seed 20260909),DEMO_DATA
2026-02-18,AL,HINDALCO,AL_INGOT,261800.0,INR,MT,261800.0,DEMO simulator (seed 20260909),DEMO_DATA
2026-02-18,AL,NALCO,AL_INGOT,258500.0,INR,MT,258500.0,DEMO simulator (seed 20260909),DEMO_DATA
2026-02-18,CU,BME,CU_CATHODE,824550.0,INR,MT,824550.0,DEMO simulator (seed 20260909),DEMO_DATA
2026-02-19,AL,BALCO,AL_INGOT,260200.0,INR,MT,260200.0,DEMO simulator (seed 20260909),DEMO_DATA
2026-02-19,AL,HINDALCO,AL_INGOT,261800.0,INR,MT,261800.0,DEMO simulator (seed 20260909),DEMO_DATA
2026-02-19,AL,NALCO,AL_INGOT,258500.0,INR,MT,258500.0,DEMO simulator (seed 20260909),DEMO_DATA
2026-02-19,CU,BME,CU_CATHODE,841350.0,INR,MT,841350.0,DEMO simulator (seed 20260909),DEMO_DATA
2026-02-20,AL,BALCO,AL_INGOT,260200.0,INR,MT,260200.0,DEMO simulator (seed 20260909),DEMO_DATA
2026-02-20,AL,HINDALCO,AL_INGOT,261800.0,INR,MT,261800.0,DEMO simulator (seed 20260909),DEMO_DATA
2026-02-20,AL,NALCO,AL_INGOT,258500.0,INR,MT,258500.0,DEMO simulator (seed 20260909),DEMO_DATA
2026-02-20,CU,BME,CU_CATHODE,833200.0,INR,MT,833200.0,DEMO simulator (seed 20260909),DEMO_DATA
2026-02-23,AL,BALCO,AL_INGOT,260200.0,INR,MT,260200.0,DEMO simulator (seed 20260909),DEMO_DATA
2026-02-23,AL,HINDALCO,AL_INGOT,255600.0,INR,MT,255600.0,DEMO simulator (seed 20260909),DEMO_DATA
2026-02-23,AL,NALCO,AL_INGOT,258500.0,INR,MT,258500.0,DEMO simulator (seed 20260909),DEMO_DATA
2026-02-23,CU,BME,CU_CATHODE,833200.0,INR,MT,833200.0,DEMO simulator (seed 20260909),DEMO_DATA
2026-02-24,AL,BALCO,AL_INGOT,254150.0,INR,MT,254150.0,DEMO simulator (seed 20260909),DEMO_DATA
2026-02-24,AL,HINDALCO,AL_INGOT,255600.0,INR,MT,255600.0,DEMO simulator (seed 20260909),DEMO_DATA
2026-02-24,AL,NALCO,AL_INGOT,253050.0,INR,MT,253050.0,DEMO simulator (seed 20260909),DEMO_DATA
2026-02-24,CU,BME,CU_CATHODE,831600.0,INR,MT,831600.0,DEMO simulator (seed 20260909),DEMO_DATA
2026-02-25,AL,BALCO,AL_INGOT,254150.0,INR,MT,254150.0,DEMO simulator (seed 20260909),DEMO_DATA
2026-02-25,AL,HINDALCO,AL_INGOT,255600.0,INR,MT,255600.0,DEMO simulator (seed 20260909),DEMO_DATA
2026-02-25,AL,NALCO,AL_INGOT,253050.0,INR,MT,253050.0,DEMO simulator (seed 20260909),DEMO_DATA
2026-02-25,CU,BME,CU_CATHODE,843800.0,INR,MT,843800.0,DEMO simulator (seed 20260909),DEMO_DATA
2026-02-26,AL,BALCO,AL_INGOT,254150.0,INR,MT,254150.0,DEMO simulator (seed 20260909),DEMO_DATA
2026-02-26,AL,HINDALCO,AL_INGOT,255600.0,INR,MT,255600.0,DEMO simulator (seed 20260909),DEMO_DATA
2026-02-26,AL,NALCO,AL_INGOT,253050.0,INR,MT,253050.0,DEMO simulator (seed 20260909),DEMO_DATA
2026-02-26,CU,BME,CU_CATHODE,843800.0,INR,MT,843800.0,DEMO simulator (seed 20260909),DEMO_DATA
2026-02-27,AL,BALCO,AL_INGOT,254150.0,INR,MT,254150.0,DEMO simulator (seed 20260909),DEMO_DATA
2026-02-27,AL,HINDALCO,AL_INGOT,256100.0,INR,MT,256100.0,DEMO simulator (seed 20260909),DEMO_DATA
2026-02-27,AL,NALCO,AL_INGOT,257050.0,INR,MT,257050.0,DEMO simulator (seed 20260909),DEMO_DATA
2026-02-27,CU,BME,CU_CATHODE,852800.0,INR,MT,852800.0,DEMO simulator (seed 20260909),DEMO_DATA
2026-03-02,AL,BALCO,AL_INGOT,254150.0,INR,MT,254150.0,DEMO simulator (seed 20260909),DEMO_DATA
2026-03-02,AL,HINDALCO,AL_INGOT,256100.0,INR,MT,256100.0,DEMO simulator (seed 20260909),DEMO_DATA
2026-03-02,AL,NALCO,AL_INGOT,257050.0,INR,MT,257050.0,DEMO simulator (seed 20260909),DEMO_DATA
2026-03-02,CU,BME,CU_CATHODE,852800.0,INR,MT,852800.0,DEMO simulator (seed 20260909),DEMO_DATA
2026-03-03,AL,BALCO,AL_INGOT,254150.0,INR,MT,254150.0,DEMO simulator (seed 20260909),DEMO_DATA
2026-03-03,AL,HINDALCO,AL_INGOT,256100.0,INR,MT,256100.0,DEMO simulator (seed 20260909),DEMO_DATA
2026-03-03,AL,NALCO,AL_INGOT,257050.0,INR,MT,257050.0,DEMO simulator (seed 20260909),DEMO_DATA
2026-03-03,CU,BME,CU_CATHODE,854250.0,INR,MT,854250.0,DEMO simulator (seed 20260909),DEMO_DATA
2026-03-04,AL,BALCO,AL_INGOT,252800.0,INR,MT,252800.0,DEMO simulator (seed 20260909),DEMO_DATA
2026-03-04,AL,HINDALCO,AL_INGOT,256100.0,INR,MT,256100.0,DEMO simulator (seed 20260909),DEMO_DATA
2026-03-04,AL,NALCO,AL_INGOT,256650.0,INR,MT,256650.0,DEMO simulator (seed 20260909),DEMO_DATA
2026-03-04,CU,BME,CU_CATHODE,854250.0,INR,MT,854250.0,DEMO simulator (seed 20260909),DEMO_DATA
2026-03-05,AL,BALCO,AL_INGOT,252800.0,INR,MT,252800.0,DEMO simulator (seed 20260909),DEMO_DATA
2026-03-05,AL,HINDALCO,AL_INGOT,256100.0,INR,MT,256100.0,DEMO simulator (seed 20260909),DEMO_DATA
2026-03-05,AL,NALCO,AL_INGOT,256650.0,INR,MT,256650.0,DEMO simulator (seed 20260909),DEMO_DATA
2026-03-05,CU,BME,CU_CATHODE,856800.0,INR,MT,856800.0,DEMO simulator (seed 20260909),DEMO_DATA
2026-03-06,AL,BALCO,AL_INGOT,252800.0,INR,MT,252800.0,DEMO simulator (seed 20260909),DEMO_DATA
2026-03-06,AL,HINDALCO,AL_INGOT,256100.0,INR,MT,256100.0,DEMO simulator (seed 20260909),DEMO_DATA
2026-03-06,AL,NALCO,AL_INGOT,256650.0,INR,MT,256650.0,DEMO simulator (seed 20260909),DEMO_DATA
2026-03-06,CU,BME,CU_CATHODE,856800.0,INR,MT,856800.0,DEMO simulator (seed 20260909),DEMO_DATA
2026-03-09,AL,BALCO,AL_INGOT,252800.0,INR,MT,252800.0,DEMO simulator (seed 20260909),DEMO_DATA
2026-03-09,AL,HINDALCO,AL_INGOT,256100.0,INR,MT,256100.0,DEMO simulator (seed 20260909),DEMO_DATA
2026-03-09,AL,NALCO,AL_INGOT,256650.0,INR,MT,256650.0,DEMO simulator (seed 20260909),DEMO_DATA
2026-03-09,CU,BME,CU_CATHODE,851750.0,INR,MT,851750.0,DEMO simulator (seed 20260909),DEMO_DATA
2026-03-10,AL,BALCO,AL_INGOT,252800.0,INR,MT,252800.0,DEMO simulator (seed 20260909),DEMO_DATA
2026-03-10,AL,HINDALCO,AL_INGOT,256100.0,INR,MT,256100.0,DEMO simulator (seed 20260909),DEMO_DATA
2026-03-10,AL,NALCO,AL_INGOT,252100.0,INR,MT,252100.0,DEMO simulator (seed 20260909),DEMO_DATA
2026-03-10,CU,BME,CU_CATHODE,851750.0,INR,MT,851750.0,DEMO simulator (seed 20260909),DEMO_DATA
2026-03-11,AL,BALCO,AL_INGOT,252800.0,INR,MT,252800.0,DEMO simulator (seed 20260909),DEMO_DATA
2026-03-11,AL,HINDALCO,AL_INGOT,250800.0,INR,MT,250800.0,DEMO simulator (seed 20260909),DEMO_DATA
2026-03-11,AL,NALCO,AL_INGOT,252100.0,INR,MT,252100.0,DEMO simulator (seed 20260909),DEMO_DATA
2026-03-11,CU,BME,CU_CATHODE,834500.0,INR,MT,834500.0,DEMO simulator (seed 20260909),DEMO_DATA
2026-03-12,AL,BALCO,AL_INGOT,244400.0,INR,MT,244400.0,DEMO simulator (seed 20260909),DEMO_DATA
2026-03-12,AL,HINDALCO,AL_INGOT,250800.0,INR,MT,250800.0,DEMO simulator (seed 20260909),DEMO_DATA
2026-03-12,AL,NALCO,AL_INGOT,252100.0,INR,MT,252100.0,DEMO simulator (seed 20260909),DEMO_DATA
2026-03-12,CU,BME,CU_CATHODE,842000.0,INR,MT,842000.0,DEMO simulator (seed 20260909),DEMO_DATA
2026-03-13,AL,BALCO,AL_INGOT,244400.0,INR,MT,244400.0,DEMO simulator (seed 20260909),DEMO_DATA
2026-03-13,AL,HINDALCO,AL_INGOT,250800.0,INR,MT,250800.0,DEMO simulator (seed 20260909),DEMO_DATA
2026-03-13,AL,NALCO,AL_INGOT,252100.0,INR,MT,252100.0,DEMO simulator (seed 20260909),DEMO_DATA
2026-03-13,CU,BME,CU_CATHODE,843500.0,INR,MT,843500.0,DEMO simulator (seed 20260909),DEMO_DATA
2026-03-16,AL,BALCO,AL_INGOT,244400.0,INR,MT,244400.0,DEMO simulator (seed 20260909),DEMO_DATA
2026-03-16,AL,HINDALCO,AL_INGOT,250800.0,INR,MT,250800.0,DEMO simulator (seed 20260909),DEMO_DATA
2026-03-16,AL,NALCO,AL_INGOT,252100.0,INR,MT,252100.0,DEMO simulator (seed 20260909),DEMO_DATA
2026-03-16,CU,BME,CU_CATHODE,843500.0,INR,MT,843500.0,DEMO simulator (seed 20260909),DEMO_DATA
2026-03-17,AL,BALCO,AL_INGOT,244400.0,INR,MT,244400.0,DEMO simulator (seed 20260909),DEMO_DATA
2026-03-17,AL,HINDALCO,AL_INGOT,250800.0,INR,MT,250800.0,DEMO simulator (seed 20260909),DEMO_DATA
2026-03-17,AL,NALCO,AL_INGOT,252100.0,INR,MT,252100.0,DEMO simulator (seed 20260909),DEMO_DATA
2026-03-17,CU,BME,CU_CATHODE,849150.0,INR,MT,849150.0,DEMO simulator (seed 20260909),DEMO_DATA
2026-03-18,AL,BALCO,AL_INGOT,254200.0,INR,MT,254200.0,DEMO simulator (seed 20260909),DEMO_DATA
2026-03-18,AL,HINDALCO,AL_INGOT,250800.0,INR,MT,250800.0,DEMO simulator (seed 20260909),DEMO_DATA
2026-03-18,AL,NALCO,AL_INGOT,265450.0,INR,MT,265450.0,DEMO simulator (seed 20260909),DEMO_DATA
2026-03-18,CU,BME,CU_CATHODE,855550.0,INR,MT,855550.0,DEMO simulator (seed 20260909),DEMO_DATA
2026-03-19,AL,BALCO,AL_INGOT,254200.0,INR,MT,254200.0,DEMO simulator (seed 20260909),DEMO_DATA
2026-03-19,AL,HINDALCO,AL_INGOT,259450.0,INR,MT,259450.0,DEMO simulator (seed 20260909),DEMO_DATA
2026-03-19,AL,NALCO,AL_INGOT,265450.0,INR,MT,265450.0,DEMO simulator (seed 20260909),DEMO_DATA
2026-03-19,CU,BME,CU_CATHODE,855550.0,INR,MT,855550.0,DEMO simulator (seed 20260909),DEMO_DATA
2026-03-20,AL,BALCO,AL_INGOT,254200.0,INR,MT,254200.0,DEMO simulator (seed 20260909),DEMO_DATA
2026-03-20,AL,HINDALCO,AL_INGOT,259450.0,INR,MT,259450.0,DEMO simulator (seed 20260909),DEMO_DATA
2026-03-20,AL,NALCO,AL_INGOT,265450.0,INR,MT,265450.0,DEMO simulator (seed 20260909),DEMO_DATA
2026-03-20,CU,BME,CU_CATHODE,825550.0,INR,MT,825550.0,DEMO simulator (seed 20260909),DEMO_DATA
2026-03-23,AL,BALCO,AL_INGOT,254200.0,INR,MT,254200.0,DEMO simulator (seed 20260909),DEMO_DATA
2026-03-23,AL,HINDALCO,AL_INGOT,259450.0,INR,MT,259450.0,DEMO simulator (seed 20260909),DEMO_DATA
2026-03-23,AL,NALCO,AL_INGOT,265450.0,INR,MT,265450.0,DEMO simulator (seed 20260909),DEMO_DATA
2026-03-23,CU,BME,CU_CATHODE,825550.0,INR,MT,825550.0,DEMO simulator (seed 20260909),DEMO_DATA
2026-03-24,AL,BALCO,AL_INGOT,256500.0,INR,MT,256500.0,DEMO simulator (seed 20260909),DEMO_DATA
2026-03-24,AL,HINDALCO,AL_INGOT,259450.0,INR,MT,259450.0,DEMO simulator (seed 20260909),DEMO_DATA
2026-03-24,AL,NALCO,AL_INGOT,265450.0,INR,MT,265450.0,DEMO simulator (seed 20260909),DEMO_DATA
2026-03-24,CU,BME,CU_CATHODE,830150.0,INR,MT,830150.0,DEMO simulator (seed 20260909),DEMO_DATA
2026-03-25,AL,BALCO,AL_INGOT,256500.0,INR,MT,256500.0,DEMO simulator (seed 20260909),DEMO_DATA
2026-03-25,AL,HINDALCO,AL_INGOT,259050.0,INR,MT,259050.0,DEMO simulator (seed 20260909),DEMO_DATA
2026-03-25,AL,NALCO,AL_INGOT,265450.0,INR,MT,265450.0,DEMO simulator (seed 20260909),DEMO_DATA
2026-03-25,CU,BME,CU_CATHODE,830150.0,INR,MT,830150.0,DEMO simulator (seed 20260909),DEMO_DATA
2026-03-26,AL,BALCO,AL_INGOT,256500.0,INR,MT,256500.0,DEMO simulator (seed 20260909),DEMO_DATA
2026-03-26,AL,HINDALCO,AL_INGOT,259050.0,INR,MT,259050.0,DEMO simulator (seed 20260909),DEMO_DATA
2026-03-26,AL,NALCO,AL_INGOT,273200.0,INR,MT,273200.0,DEMO simulator (seed 20260909),DEMO_DATA
2026-03-26,CU,BME,CU_CATHODE,827250.0,INR,MT,827250.0,DEMO simulator (seed 20260909),DEMO_DATA
2026-03-27,AL,BALCO,AL_INGOT,256500.0,INR,MT,256500.0,DEMO simulator (seed 20260909),DEMO_DATA
2026-03-27,AL,HINDALCO,AL_INGOT,259050.0,INR,MT,259050.0,DEMO simulator (seed 20260909),DEMO_DATA
2026-03-27,AL,NALCO,AL_INGOT,273200.0,INR,MT,273200.0,DEMO simulator (seed 20260909),DEMO_DATA
2026-03-27,CU,BME,CU_CATHODE,827250.0,INR,MT,827250.0,DEMO simulator (seed 20260909),DEMO_DATA
2026-03-30,AL,BALCO,AL_INGOT,256500.0,INR,MT,256500.0,DEMO simulator (seed 20260909),DEMO_DATA
2026-03-30,AL,HINDALCO,AL_INGOT,259050.0,INR,MT,259050.0,DEMO simulator (seed 20260909),DEMO_DATA
2026-03-30,AL,NALCO,AL_INGOT,273200.0,INR,MT,273200.0,DEMO simulator (seed 20260909),DEMO_DATA
2026-03-30,CU,BME,CU_CATHODE,838200.0,INR,MT,838200.0,DEMO simulator (seed 20260909),DEMO_DATA
2026-03-31,AL,BALCO,AL_INGOT,256500.0,INR,MT,256500.0,DEMO simulator (seed 20260909),DEMO_DATA
2026-03-31,AL,HINDALCO,AL_INGOT,259050.0,INR,MT,259050.0,DEMO simulator (seed 20260909),DEMO_DATA
2026-03-31,AL,NALCO,AL_INGOT,273200.0,INR,MT,273200.0,DEMO simulator (seed 20260909),DEMO_DATA
2026-03-31,CU,BME,CU_CATHODE,842200.0,INR,MT,842200.0,DEMO simulator (seed 20260909),DEMO_DATA
2026-04-01,AL,BALCO,AL_INGOT,256500.0,INR,MT,256500.0,DEMO simulator (seed 20260909),DEMO_DATA
2026-04-01,AL,HINDALCO,AL_INGOT,262350.0,INR,MT,262350.0,DEMO simulator (seed 20260909),DEMO_DATA
2026-04-01,AL,NALCO,AL_INGOT,272600.0,INR,MT,272600.0,DEMO simulator (seed 20260909),DEMO_DATA
2026-04-01,CU,BME,CU_CATHODE,842200.0,INR,MT,842200.0,DEMO simulator (seed 20260909),DEMO_DATA
2026-04-02,AL,BALCO,AL_INGOT,256500.0,INR,MT,256500.0,DEMO simulator (seed 20260909),DEMO_DATA
2026-04-02,AL,HINDALCO,AL_INGOT,262350.0,INR,MT,262350.0,DEMO simulator (seed 20260909),DEMO_DATA
2026-04-02,AL,NALCO,AL_INGOT,272600.0,INR,MT,272600.0,DEMO simulator (seed 20260909),DEMO_DATA
2026-04-02,CU,BME,CU_CATHODE,874000.0,INR,MT,874000.0,DEMO simulator (seed 20260909),DEMO_DATA
2026-04-03,AL,BALCO,AL_INGOT,265450.0,INR,MT,265450.0,DEMO simulator (seed 20260909),DEMO_DATA
2026-04-03,AL,HINDALCO,AL_INGOT,262350.0,INR,MT,262350.0,DEMO simulator (seed 20260909),DEMO_DATA
2026-04-03,AL,NALCO,AL_INGOT,272600.0,INR,MT,272600.0,DEMO simulator (seed 20260909),DEMO_DATA
2026-04-03,CU,BME,CU_CATHODE,874000.0,INR,MT,874000.0,DEMO simulator (seed 20260909),DEMO_DATA
2026-04-06,AL,BALCO,AL_INGOT,265450.0,INR,MT,265450.0,DEMO simulator (seed 20260909),DEMO_DATA
2026-04-06,AL,HINDALCO,AL_INGOT,262350.0,INR,MT,262350.0,DEMO simulator (seed 20260909),DEMO_DATA
2026-04-06,AL,NALCO,AL_INGOT,272150.0,INR,MT,272150.0,DEMO simulator (seed 20260909),DEMO_DATA
2026-04-06,CU,BME,CU_CATHODE,899100.0,INR,MT,899100.0,DEMO simulator (seed 20260909),DEMO_DATA
2026-04-07,AL,BALCO,AL_INGOT,265450.0,INR,MT,265450.0,DEMO simulator (seed 20260909),DEMO_DATA
2026-04-07,AL,HINDALCO,AL_INGOT,262350.0,INR,MT,262350.0,DEMO simulator (seed 20260909),DEMO_DATA
2026-04-07,AL,NALCO,AL_INGOT,272150.0,INR,MT,272150.0,DEMO simulator (seed 20260909),DEMO_DATA
2026-04-07,CU,BME,CU_CATHODE,899100.0,INR,MT,899100.0,DEMO simulator (seed 20260909),DEMO_DATA
2026-04-08,AL,BALCO,AL_INGOT,265450.0,INR,MT,265450.0,DEMO simulator (seed 20260909),DEMO_DATA
2026-04-08,AL,HINDALCO,AL_INGOT,262350.0,INR,MT,262350.0,DEMO simulator (seed 20260909),DEMO_DATA
2026-04-08,AL,NALCO,AL_INGOT,272150.0,INR,MT,272150.0,DEMO simulator (seed 20260909),DEMO_DATA
2026-04-08,CU,BME,CU_CATHODE,891300.0,INR,MT,891300.0,DEMO simulator (seed 20260909),DEMO_DATA
2026-04-09,AL,BALCO,AL_INGOT,265450.0,INR,MT,265450.0,DEMO simulator (seed 20260909),DEMO_DATA
2026-04-09,AL,HINDALCO,AL_INGOT,265150.0,INR,MT,265150.0,DEMO simulator (seed 20260909),DEMO_DATA
2026-04-09,AL,NALCO,AL_INGOT,272150.0,INR,MT,272150.0,DEMO simulator (seed 20260909),DEMO_DATA
2026-04-09,CU,BME,CU_CATHODE,902850.0,INR,MT,902850.0,DEMO simulator (seed 20260909),DEMO_DATA
2026-04-10,AL,BALCO,AL_INGOT,265450.0,INR,MT,265450.0,DEMO simulator (seed 20260909),DEMO_DATA
2026-04-10,AL,HINDALCO,AL_INGOT,265150.0,INR,MT,265150.0,DEMO simulator (seed 20260909),DEMO_DATA
2026-04-10,AL,NALCO,AL_INGOT,272150.0,INR,MT,272150.0,DEMO simulator (seed 20260909),DEMO_DATA
2026-04-10,CU,BME,CU_CATHODE,902850.0,INR,MT,902850.0,DEMO simulator (seed 20260909),DEMO_DATA
2026-04-13,AL,BALCO,AL_INGOT,266050.0,INR,MT,266050.0,DEMO simulator (seed 20260909),DEMO_DATA
2026-04-13,AL,HINDALCO,AL_INGOT,265150.0,INR,MT,265150.0,DEMO simulator (seed 20260909),DEMO_DATA
2026-04-13,AL,NALCO,AL_INGOT,272150.0,INR,MT,272150.0,DEMO simulator (seed 20260909),DEMO_DATA
2026-04-13,CU,BME,CU_CATHODE,908550.0,INR,MT,908550.0,DEMO simulator (seed 20260909),DEMO_DATA
2026-04-14,AL,BALCO,AL_INGOT,266050.0,INR,MT,266050.0,DEMO simulator (seed 20260909),DEMO_DATA
2026-04-14,AL,HINDALCO,AL_INGOT,265150.0,INR,MT,265150.0,DEMO simulator (seed 20260909),DEMO_DATA
2026-04-14,AL,NALCO,AL_INGOT,273650.0,INR,MT,273650.0,DEMO simulator (seed 20260909),DEMO_DATA
2026-04-14,CU,BME,CU_CATHODE,905150.0,INR,MT,905150.0,DEMO simulator (seed 20260909),DEMO_DATA
2026-04-15,AL,BALCO,AL_INGOT,266050.0,INR,MT,266050.0,DEMO simulator (seed 20260909),DEMO_DATA
2026-04-15,AL,HINDALCO,AL_INGOT,265150.0,INR,MT,265150.0,DEMO simulator (seed 20260909),DEMO_DATA
2026-04-15,AL,NALCO,AL_INGOT,273650.0,INR,MT,273650.0,DEMO simulator (seed 20260909),DEMO_DATA
2026-04-15,CU,BME,CU_CATHODE,905150.0,INR,MT,905150.0,DEMO simulator (seed 20260909),DEMO_DATA
2026-04-16,AL,BALCO,AL_INGOT,268950.0,INR,MT,268950.0,DEMO simulator (seed 20260909),DEMO_DATA
2026-04-16,AL,HINDALCO,AL_INGOT,272650.0,INR,MT,272650.0,DEMO simulator (seed 20260909),DEMO_DATA
2026-04-16,AL,NALCO,AL_INGOT,273650.0,INR,MT,273650.0,DEMO simulator (seed 20260909),DEMO_DATA
2026-04-16,CU,BME,CU_CATHODE,887350.0,INR,MT,887350.0,DEMO simulator (seed 20260909),DEMO_DATA
2026-04-17,AL,BALCO,AL_INGOT,268950.0,INR,MT,268950.0,DEMO simulator (seed 20260909),DEMO_DATA
2026-04-17,AL,HINDALCO,AL_INGOT,272650.0,INR,MT,272650.0,DEMO simulator (seed 20260909),DEMO_DATA
2026-04-17,AL,NALCO,AL_INGOT,273650.0,INR,MT,273650.0,DEMO simulator (seed 20260909),DEMO_DATA
2026-04-17,CU,BME,CU_CATHODE,877950.0,INR,MT,877950.0,DEMO simulator (seed 20260909),DEMO_DATA
2026-04-20,AL,BALCO,AL_INGOT,268950.0,INR,MT,268950.0,DEMO simulator (seed 20260909),DEMO_DATA
2026-04-20,AL,HINDALCO,AL_INGOT,272650.0,INR,MT,272650.0,DEMO simulator (seed 20260909),DEMO_DATA
2026-04-20,AL,NALCO,AL_INGOT,273650.0,INR,MT,273650.0,DEMO simulator (seed 20260909),DEMO_DATA
2026-04-20,CU,BME,CU_CATHODE,884550.0,INR,MT,884550.0,DEMO simulator (seed 20260909),DEMO_DATA
2026-04-21,AL,BALCO,AL_INGOT,268950.0,INR,MT,268950.0,DEMO simulator (seed 20260909),DEMO_DATA
2026-04-21,AL,HINDALCO,AL_INGOT,272650.0,INR,MT,272650.0,DEMO simulator (seed 20260909),DEMO_DATA
2026-04-21,AL,NALCO,AL_INGOT,273650.0,INR,MT,273650.0,DEMO simulator (seed 20260909),DEMO_DATA
2026-04-21,CU,BME,CU_CATHODE,868600.0,INR,MT,868600.0,DEMO simulator (seed 20260909),DEMO_DATA
2026-04-22,AL,BALCO,AL_INGOT,268950.0,INR,MT,268950.0,DEMO simulator (seed 20260909),DEMO_DATA
2026-04-22,AL,HINDALCO,AL_INGOT,272750.0,INR,MT,272750.0,DEMO simulator (seed 20260909),DEMO_DATA
2026-04-22,AL,NALCO,AL_INGOT,273650.0,INR,MT,273650.0,DEMO simulator (seed 20260909),DEMO_DATA
2026-04-22,CU,BME,CU_CATHODE,868600.0,INR,MT,868600.0,DEMO simulator (seed 20260909),DEMO_DATA
2026-04-23,AL,BALCO,AL_INGOT,275050.0,INR,MT,275050.0,DEMO simulator (seed 20260909),DEMO_DATA
2026-04-23,AL,HINDALCO,AL_INGOT,272750.0,INR,MT,272750.0,DEMO simulator (seed 20260909),DEMO_DATA
2026-04-23,AL,NALCO,AL_INGOT,273650.0,INR,MT,273650.0,DEMO simulator (seed 20260909),DEMO_DATA
2026-04-23,CU,BME,CU_CATHODE,867300.0,INR,MT,867300.0,DEMO simulator (seed 20260909),DEMO_DATA
2026-04-24,AL,BALCO,AL_INGOT,275050.0,INR,MT,275050.0,DEMO simulator (seed 20260909),DEMO_DATA
2026-04-24,AL,HINDALCO,AL_INGOT,272750.0,INR,MT,272750.0,DEMO simulator (seed 20260909),DEMO_DATA
2026-04-24,AL,NALCO,AL_INGOT,279050.0,INR,MT,279050.0,DEMO simulator (seed 20260909),DEMO_DATA
2026-04-24,CU,BME,CU_CATHODE,868150.0,INR,MT,868150.0,DEMO simulator (seed 20260909),DEMO_DATA
2026-04-27,AL,BALCO,AL_INGOT,275050.0,INR,MT,275050.0,DEMO simulator (seed 20260909),DEMO_DATA
2026-04-27,AL,HINDALCO,AL_INGOT,272750.0,INR,MT,272750.0,DEMO simulator (seed 20260909),DEMO_DATA
2026-04-27,AL,NALCO,AL_INGOT,279050.0,INR,MT,279050.0,DEMO simulator (seed 20260909),DEMO_DATA
2026-04-27,CU,BME,CU_CATHODE,868150.0,INR,MT,868150.0,DEMO simulator (seed 20260909),DEMO_DATA
2026-04-28,AL,BALCO,AL_INGOT,275050.0,INR,MT,275050.0,DEMO simulator (seed 20260909),DEMO_DATA
2026-04-28,AL,HINDALCO,AL_INGOT,272750.0,INR,MT,272750.0,DEMO simulator (seed 20260909),DEMO_DATA
2026-04-28,AL,NALCO,AL_INGOT,279050.0,INR,MT,279050.0,DEMO simulator (seed 20260909),DEMO_DATA
2026-04-28,CU,BME,CU_CATHODE,875700.0,INR,MT,875700.0,DEMO simulator (seed 20260909),DEMO_DATA
2026-04-29,AL,BALCO,AL_INGOT,275050.0,INR,MT,275050.0,DEMO simulator (seed 20260909),DEMO_DATA
2026-04-29,AL,HINDALCO,AL_INGOT,272750.0,INR,MT,272750.0,DEMO simulator (seed 20260909),DEMO_DATA
2026-04-29,AL,NALCO,AL_INGOT,279050.0,INR,MT,279050.0,DEMO simulator (seed 20260909),DEMO_DATA
2026-04-29,CU,BME,CU_CATHODE,875700.0,INR,MT,875700.0,DEMO simulator (seed 20260909),DEMO_DATA
2026-04-30,AL,BALCO,AL_INGOT,275050.0,INR,MT,275050.0,DEMO simulator (seed 20260909),DEMO_DATA
2026-04-30,AL,HINDALCO,AL_INGOT,272750.0,INR,MT,272750.0,DEMO simulator (seed 20260909),DEMO_DATA
2026-04-30,AL,NALCO,AL_INGOT,276200.0,INR,MT,276200.0,DEMO simulator (seed 20260909),DEMO_DATA
2026-04-30,CU,BME,CU_CATHODE,876850.0,INR,MT,876850.0,DEMO simulator (seed 20260909),DEMO_DATA
2026-05-01,AL,BALCO,AL_INGOT,275050.0,INR,MT,275050.0,DEMO simulator (seed 20260909),DEMO_DATA
2026-05-01,AL,HINDALCO,AL_INGOT,272750.0,INR,MT,272750.0,DEMO simulator (seed 20260909),DEMO_DATA
2026-05-01,AL,NALCO,AL_INGOT,276200.0,INR,MT,276200.0,DEMO simulator (seed 20260909),DEMO_DATA
2026-05-01,CU,BME,CU_CATHODE,879200.0,INR,MT,879200.0,DEMO simulator (seed 20260909),DEMO_DATA
2026-05-04,AL,BALCO,AL_INGOT,277200.0,INR,MT,277200.0,DEMO simulator (seed 20260909),DEMO_DATA
2026-05-04,AL,HINDALCO,AL_INGOT,285150.0,INR,MT,285150.0,DEMO simulator (seed 20260909),DEMO_DATA
2026-05-04,AL,NALCO,AL_INGOT,276200.0,INR,MT,276200.0,DEMO simulator (seed 20260909),DEMO_DATA
2026-05-04,CU,BME,CU_CATHODE,889950.0,INR,MT,889950.0,DEMO simulator (seed 20260909),DEMO_DATA
2026-05-05,AL,BALCO,AL_INGOT,277200.0,INR,MT,277200.0,DEMO simulator (seed 20260909),DEMO_DATA
2026-05-05,AL,HINDALCO,AL_INGOT,285150.0,INR,MT,285150.0,DEMO simulator (seed 20260909),DEMO_DATA
2026-05-05,AL,NALCO,AL_INGOT,276200.0,INR,MT,276200.0,DEMO simulator (seed 20260909),DEMO_DATA
2026-05-05,CU,BME,CU_CATHODE,889950.0,INR,MT,889950.0,DEMO simulator (seed 20260909),DEMO_DATA
2026-05-06,AL,BALCO,AL_INGOT,277200.0,INR,MT,277200.0,DEMO simulator (seed 20260909),DEMO_DATA
2026-05-06,AL,HINDALCO,AL_INGOT,285150.0,INR,MT,285150.0,DEMO simulator (seed 20260909),DEMO_DATA
2026-05-06,AL,NALCO,AL_INGOT,276200.0,INR,MT,276200.0,DEMO simulator (seed 20260909),DEMO_DATA
2026-05-06,CU,BME,CU_CATHODE,887950.0,INR,MT,887950.0,DEMO simulator (seed 20260909),DEMO_DATA
2026-05-07,AL,BALCO,AL_INGOT,268550.0,INR,MT,268550.0,DEMO simulator (seed 20260909),DEMO_DATA
2026-05-07,AL,HINDALCO,AL_INGOT,285150.0,INR,MT,285150.0,DEMO simulator (seed 20260909),DEMO_DATA
2026-05-07,AL,NALCO,AL_INGOT,276200.0,INR,MT,276200.0,DEMO simulator (seed 20260909),DEMO_DATA
2026-05-07,CU,BME,CU_CATHODE,887950.0,INR,MT,887950.0,DEMO simulator (seed 20260909),DEMO_DATA
2026-05-08,AL,BALCO,AL_INGOT,268550.0,INR,MT,268550.0,DEMO simulator (seed 20260909),DEMO_DATA
2026-05-08,AL,HINDALCO,AL_INGOT,285150.0,INR,MT,285150.0,DEMO simulator (seed 20260909),DEMO_DATA
2026-05-08,AL,NALCO,AL_INGOT,276200.0,INR,MT,276200.0,DEMO simulator (seed 20260909),DEMO_DATA
2026-05-08,CU,BME,CU_CATHODE,876450.0,INR,MT,876450.0,DEMO simulator (seed 20260909),DEMO_DATA
2026-05-11,AL,BALCO,AL_INGOT,268550.0,INR,MT,268550.0,DEMO simulator (seed 20260909),DEMO_DATA
2026-05-11,AL,HINDALCO,AL_INGOT,285150.0,INR,MT,285150.0,DEMO simulator (seed 20260909),DEMO_DATA
2026-05-11,AL,NALCO,AL_INGOT,276200.0,INR,MT,276200.0,DEMO simulator (seed 20260909),DEMO_DATA
2026-05-11,CU,BME,CU_CATHODE,892050.0,INR,MT,892050.0,DEMO simulator (seed 20260909),DEMO_DATA
2026-05-12,AL,BALCO,AL_INGOT,268550.0,INR,MT,268550.0,DEMO simulator (seed 20260909),DEMO_DATA
2026-05-12,AL,HINDALCO,AL_INGOT,285150.0,INR,MT,285150.0,DEMO simulator (seed 20260909),DEMO_DATA
2026-05-12,AL,NALCO,AL_INGOT,276650.0,INR,MT,276650.0,DEMO simulator (seed 20260909),DEMO_DATA
2026-05-12,CU,BME,CU_CATHODE,896800.0,INR,MT,896800.0,DEMO simulator (seed 20260909),DEMO_DATA
2026-05-13,AL,BALCO,AL_INGOT,268550.0,INR,MT,268550.0,DEMO simulator (seed 20260909),DEMO_DATA
2026-05-13,AL,HINDALCO,AL_INGOT,288650.0,INR,MT,288650.0,DEMO simulator (seed 20260909),DEMO_DATA
2026-05-13,AL,NALCO,AL_INGOT,276650.0,INR,MT,276650.0,DEMO simulator (seed 20260909),DEMO_DATA
2026-05-13,CU,BME,CU_CATHODE,896800.0,INR,MT,896800.0,DEMO simulator (seed 20260909),DEMO_DATA
2026-05-14,AL,BALCO,AL_INGOT,281550.0,INR,MT,281550.0,DEMO simulator (seed 20260909),DEMO_DATA
2026-05-14,AL,HINDALCO,AL_INGOT,288650.0,INR,MT,288650.0,DEMO simulator (seed 20260909),DEMO_DATA
2026-05-14,AL,NALCO,AL_INGOT,276650.0,INR,MT,276650.0,DEMO simulator (seed 20260909),DEMO_DATA
2026-05-14,CU,BME,CU_CATHODE,891150.0,INR,MT,891150.0,DEMO simulator (seed 20260909),DEMO_DATA
2026-05-15,AL,BALCO,AL_INGOT,281550.0,INR,MT,281550.0,DEMO simulator (seed 20260909),DEMO_DATA
2026-05-15,AL,HINDALCO,AL_INGOT,288650.0,INR,MT,288650.0,DEMO simulator (seed 20260909),DEMO_DATA
2026-05-15,AL,NALCO,AL_INGOT,276650.0,INR,MT,276650.0,DEMO simulator (seed 20260909),DEMO_DATA
2026-05-15,CU,BME,CU_CATHODE,891150.0,INR,MT,891150.0,DEMO simulator (seed 20260909),DEMO_DATA
2026-05-18,AL,BALCO,AL_INGOT,281550.0,INR,MT,281550.0,DEMO simulator (seed 20260909),DEMO_DATA
2026-05-18,AL,HINDALCO,AL_INGOT,288650.0,INR,MT,288650.0,DEMO simulator (seed 20260909),DEMO_DATA
2026-05-18,AL,NALCO,AL_INGOT,276650.0,INR,MT,276650.0,DEMO simulator (seed 20260909),DEMO_DATA
2026-05-18,CU,BME,CU_CATHODE,890900.0,INR,MT,890900.0,DEMO simulator (seed 20260909),DEMO_DATA
2026-05-19,AL,BALCO,AL_INGOT,281550.0,INR,MT,281550.0,DEMO simulator (seed 20260909),DEMO_DATA
2026-05-19,AL,HINDALCO,AL_INGOT,288650.0,INR,MT,288650.0,DEMO simulator (seed 20260909),DEMO_DATA
2026-05-19,AL,NALCO,AL_INGOT,276650.0,INR,MT,276650.0,DEMO simulator (seed 20260909),DEMO_DATA
2026-05-19,CU,BME,CU_CATHODE,890900.0,INR,MT,890900.0,DEMO simulator (seed 20260909),DEMO_DATA
2026-05-20,AL,BALCO,AL_INGOT,281550.0,INR,MT,281550.0,DEMO simulator (seed 20260909),DEMO_DATA
2026-05-20,AL,HINDALCO,AL_INGOT,288650.0,INR,MT,288650.0,DEMO simulator (seed 20260909),DEMO_DATA
2026-05-20,AL,NALCO,AL_INGOT,276650.0,INR,MT,276650.0,DEMO simulator (seed 20260909),DEMO_DATA
2026-05-20,CU,BME,CU_CATHODE,895200.0,INR,MT,895200.0,DEMO simulator (seed 20260909),DEMO_DATA
2026-05-21,AL,BALCO,AL_INGOT,286250.0,INR,MT,286250.0,DEMO simulator (seed 20260909),DEMO_DATA
2026-05-21,AL,HINDALCO,AL_INGOT,288650.0,INR,MT,288650.0,DEMO simulator (seed 20260909),DEMO_DATA
2026-05-21,AL,NALCO,AL_INGOT,282050.0,INR,MT,282050.0,DEMO simulator (seed 20260909),DEMO_DATA
2026-05-21,CU,BME,CU_CATHODE,895200.0,INR,MT,895200.0,DEMO simulator (seed 20260909),DEMO_DATA
2026-05-22,AL,BALCO,AL_INGOT,286250.0,INR,MT,286250.0,DEMO simulator (seed 20260909),DEMO_DATA
2026-05-22,AL,HINDALCO,AL_INGOT,298450.0,INR,MT,298450.0,DEMO simulator (seed 20260909),DEMO_DATA
2026-05-22,AL,NALCO,AL_INGOT,282050.0,INR,MT,282050.0,DEMO simulator (seed 20260909),DEMO_DATA
2026-05-22,CU,BME,CU_CATHODE,916650.0,INR,MT,916650.0,DEMO simulator (seed 20260909),DEMO_DATA
2026-05-25,AL,BALCO,AL_INGOT,286250.0,INR,MT,286250.0,DEMO simulator (seed 20260909),DEMO_DATA
2026-05-25,AL,HINDALCO,AL_INGOT,298450.0,INR,MT,298450.0,DEMO simulator (seed 20260909),DEMO_DATA
2026-05-25,AL,NALCO,AL_INGOT,282050.0,INR,MT,282050.0,DEMO simulator (seed 20260909),DEMO_DATA
2026-05-25,CU,BME,CU_CATHODE,916250.0,INR,MT,916250.0,DEMO simulator (seed 20260909),DEMO_DATA
2026-05-26,AL,BALCO,AL_INGOT,286250.0,INR,MT,286250.0,DEMO simulator (seed 20260909),DEMO_DATA
2026-05-26,AL,HINDALCO,AL_INGOT,298450.0,INR,MT,298450.0,DEMO simulator (seed 20260909),DEMO_DATA
2026-05-26,AL,NALCO,AL_INGOT,283750.0,INR,MT,283750.0,DEMO simulator (seed 20260909),DEMO_DATA
2026-05-26,CU,BME,CU_CATHODE,916250.0,INR,MT,916250.0,DEMO simulator (seed 20260909),DEMO_DATA
2026-05-27,AL,BALCO,AL_INGOT,286250.0,INR,MT,286250.0,DEMO simulator (seed 20260909),DEMO_DATA
2026-05-27,AL,HINDALCO,AL_INGOT,298450.0,INR,MT,298450.0,DEMO simulator (seed 20260909),DEMO_DATA
2026-05-27,AL,NALCO,AL_INGOT,283750.0,INR,MT,283750.0,DEMO simulator (seed 20260909),DEMO_DATA
2026-05-27,CU,BME,CU_CATHODE,921600.0,INR,MT,921600.0,DEMO simulator (seed 20260909),DEMO_DATA
2026-05-28,AL,BALCO,AL_INGOT,286250.0,INR,MT,286250.0,DEMO simulator (seed 20260909),DEMO_DATA
2026-05-28,AL,HINDALCO,AL_INGOT,298450.0,INR,MT,298450.0,DEMO simulator (seed 20260909),DEMO_DATA
2026-05-28,AL,NALCO,AL_INGOT,283750.0,INR,MT,283750.0,DEMO simulator (seed 20260909),DEMO_DATA
2026-05-28,CU,BME,CU_CATHODE,918100.0,INR,MT,918100.0,DEMO simulator (seed 20260909),DEMO_DATA
2026-05-29,AL,BALCO,AL_INGOT,291600.0,INR,MT,291600.0,DEMO simulator (seed 20260909),DEMO_DATA
2026-05-29,AL,HINDALCO,AL_INGOT,295900.0,INR,MT,295900.0,DEMO simulator (seed 20260909),DEMO_DATA
2026-05-29,AL,NALCO,AL_INGOT,283750.0,INR,MT,283750.0,DEMO simulator (seed 20260909),DEMO_DATA
2026-05-29,CU,BME,CU_CATHODE,906700.0,INR,MT,906700.0,DEMO simulator (seed 20260909),DEMO_DATA
2026-06-01,AL,BALCO,AL_INGOT,291600.0,INR,MT,291600.0,DEMO simulator (seed 20260909),DEMO_DATA
2026-06-01,AL,HINDALCO,AL_INGOT,295900.0,INR,MT,295900.0,DEMO simulator (seed 20260909),DEMO_DATA
2026-06-01,AL,NALCO,AL_INGOT,283750.0,INR,MT,283750.0,DEMO simulator (seed 20260909),DEMO_DATA
2026-06-01,CU,BME,CU_CATHODE,906700.0,INR,MT,906700.0,DEMO simulator (seed 20260909),DEMO_DATA
2026-06-02,AL,BALCO,AL_INGOT,291600.0,INR,MT,291600.0,DEMO simulator (seed 20260909),DEMO_DATA
2026-06-02,AL,HINDALCO,AL_INGOT,295900.0,INR,MT,295900.0,DEMO simulator (seed 20260909),DEMO_DATA
2026-06-02,AL,NALCO,AL_INGOT,283750.0,INR,MT,283750.0,DEMO simulator (seed 20260909),DEMO_DATA
2026-06-02,CU,BME,CU_CATHODE,914900.0,INR,MT,914900.0,DEMO simulator (seed 20260909),DEMO_DATA
2026-06-03,AL,BALCO,AL_INGOT,291600.0,INR,MT,291600.0,DEMO simulator (seed 20260909),DEMO_DATA
2026-06-03,AL,HINDALCO,AL_INGOT,295900.0,INR,MT,295900.0,DEMO simulator (seed 20260909),DEMO_DATA
2026-06-03,AL,NALCO,AL_INGOT,283750.0,INR,MT,283750.0,DEMO simulator (seed 20260909),DEMO_DATA
2026-06-03,CU,BME,CU_CATHODE,914900.0,INR,MT,914900.0,DEMO simulator (seed 20260909),DEMO_DATA
2026-06-04,AL,BALCO,AL_INGOT,291600.0,INR,MT,291600.0,DEMO simulator (seed 20260909),DEMO_DATA
2026-06-04,AL,HINDALCO,AL_INGOT,295900.0,INR,MT,295900.0,DEMO simulator (seed 20260909),DEMO_DATA
2026-06-04,AL,NALCO,AL_INGOT,278650.0,INR,MT,278650.0,DEMO simulator (seed 20260909),DEMO_DATA
2026-06-04,CU,BME,CU_CATHODE,924600.0,INR,MT,924600.0,DEMO simulator (seed 20260909),DEMO_DATA
2026-06-05,AL,BALCO,AL_INGOT,291600.0,INR,MT,291600.0,DEMO simulator (seed 20260909),DEMO_DATA
2026-06-05,AL,HINDALCO,AL_INGOT,295900.0,INR,MT,295900.0,DEMO simulator (seed 20260909),DEMO_DATA
2026-06-05,AL,NALCO,AL_INGOT,278650.0,INR,MT,278650.0,DEMO simulator (seed 20260909),DEMO_DATA
2026-06-05,CU,BME,CU_CATHODE,923600.0,INR,MT,923600.0,DEMO simulator (seed 20260909),DEMO_DATA
2026-06-08,AL,BALCO,AL_INGOT,291600.0,INR,MT,291600.0,DEMO simulator (seed 20260909),DEMO_DATA
2026-06-08,AL,HINDALCO,AL_INGOT,289900.0,INR,MT,289900.0,DEMO simulator (seed 20260909),DEMO_DATA
2026-06-08,AL,NALCO,AL_INGOT,278650.0,INR,MT,278650.0,DEMO simulator (seed 20260909),DEMO_DATA
2026-06-08,CU,BME,CU_CATHODE,923600.0,INR,MT,923600.0,DEMO simulator (seed 20260909),DEMO_DATA
2026-06-09,AL,BALCO,AL_INGOT,288000.0,INR,MT,288000.0,DEMO simulator (seed 20260909),DEMO_DATA
2026-06-09,AL,HINDALCO,AL_INGOT,289900.0,INR,MT,289900.0,DEMO simulator (seed 20260909),DEMO_DATA
2026-06-09,AL,NALCO,AL_INGOT,278650.0,INR,MT,278650.0,DEMO simulator (seed 20260909),DEMO_DATA
2026-06-09,CU,BME,CU_CATHODE,929500.0,INR,MT,929500.0,DEMO simulator (seed 20260909),DEMO_DATA
2026-06-10,AL,BALCO,AL_INGOT,288000.0,INR,MT,288000.0,DEMO simulator (seed 20260909),DEMO_DATA
2026-06-10,AL,HINDALCO,AL_INGOT,289900.0,INR,MT,289900.0,DEMO simulator (seed 20260909),DEMO_DATA
2026-06-10,AL,NALCO,AL_INGOT,278650.0,INR,MT,278650.0,DEMO simulator (seed 20260909),DEMO_DATA
2026-06-10,CU,BME,CU_CATHODE,931800.0,INR,MT,931800.0,DEMO simulator (seed 20260909),DEMO_DATA
2026-06-11,AL,BALCO,AL_INGOT,288000.0,INR,MT,288000.0,DEMO simulator (seed 20260909),DEMO_DATA
2026-06-11,AL,HINDALCO,AL_INGOT,289900.0,INR,MT,289900.0,DEMO simulator (seed 20260909),DEMO_DATA
2026-06-11,AL,NALCO,AL_INGOT,284000.0,INR,MT,284000.0,DEMO simulator (seed 20260909),DEMO_DATA
2026-06-11,CU,BME,CU_CATHODE,931800.0,INR,MT,931800.0,DEMO simulator (seed 20260909),DEMO_DATA
2026-06-12,AL,BALCO,AL_INGOT,288000.0,INR,MT,288000.0,DEMO simulator (seed 20260909),DEMO_DATA
2026-06-12,AL,HINDALCO,AL_INGOT,289900.0,INR,MT,289900.0,DEMO simulator (seed 20260909),DEMO_DATA
2026-06-12,AL,NALCO,AL_INGOT,284000.0,INR,MT,284000.0,DEMO simulator (seed 20260909),DEMO_DATA
2026-06-12,CU,BME,CU_CATHODE,981850.0,INR,MT,981850.0,DEMO simulator (seed 20260909),DEMO_DATA
2026-06-15,AL,BALCO,AL_INGOT,287150.0,INR,MT,287150.0,DEMO simulator (seed 20260909),DEMO_DATA
2026-06-15,AL,HINDALCO,AL_INGOT,289900.0,INR,MT,289900.0,DEMO simulator (seed 20260909),DEMO_DATA
2026-06-15,AL,NALCO,AL_INGOT,284000.0,INR,MT,284000.0,DEMO simulator (seed 20260909),DEMO_DATA
2026-06-15,CU,BME,CU_CATHODE,981850.0,INR,MT,981850.0,DEMO simulator (seed 20260909),DEMO_DATA
2026-06-16,AL,BALCO,AL_INGOT,287150.0,INR,MT,287150.0,DEMO simulator (seed 20260909),DEMO_DATA
2026-06-16,AL,HINDALCO,AL_INGOT,286050.0,INR,MT,286050.0,DEMO simulator (seed 20260909),DEMO_DATA
2026-06-16,AL,NALCO,AL_INGOT,284000.0,INR,MT,284000.0,DEMO simulator (seed 20260909),DEMO_DATA
2026-06-16,CU,BME,CU_CATHODE,987700.0,INR,MT,987700.0,DEMO simulator (seed 20260909),DEMO_DATA
2026-06-17,AL,BALCO,AL_INGOT,287150.0,INR,MT,287150.0,DEMO simulator (seed 20260909),DEMO_DATA
2026-06-17,AL,HINDALCO,AL_INGOT,286050.0,INR,MT,286050.0,DEMO simulator (seed 20260909),DEMO_DATA
2026-06-17,AL,NALCO,AL_INGOT,284000.0,INR,MT,284000.0,DEMO simulator (seed 20260909),DEMO_DATA
2026-06-17,CU,BME,CU_CATHODE,970000.0,INR,MT,970000.0,DEMO simulator (seed 20260909),DEMO_DATA
2026-06-18,AL,BALCO,AL_INGOT,287150.0,INR,MT,287150.0,DEMO simulator (seed 20260909),DEMO_DATA
2026-06-18,AL,HINDALCO,AL_INGOT,286050.0,INR,MT,286050.0,DEMO simulator (seed 20260909),DEMO_DATA
2026-06-18,AL,NALCO,AL_INGOT,284000.0,INR,MT,284000.0,DEMO simulator (seed 20260909),DEMO_DATA
2026-06-18,CU,BME,CU_CATHODE,967450.0,INR,MT,967450.0,DEMO simulator (seed 20260909),DEMO_DATA
2026-06-19,AL,BALCO,AL_INGOT,283850.0,INR,MT,283850.0,DEMO simulator (seed 20260909),DEMO_DATA
2026-06-19,AL,HINDALCO,AL_INGOT,286050.0,INR,MT,286050.0,DEMO simulator (seed 20260909),DEMO_DATA
2026-06-19,AL,NALCO,AL_INGOT,284000.0,INR,MT,284000.0,DEMO simulator (seed 20260909),DEMO_DATA
2026-06-19,CU,BME,CU_CATHODE,959000.0,INR,MT,959000.0,DEMO simulator (seed 20260909),DEMO_DATA
2026-06-22,AL,BALCO,AL_INGOT,283850.0,INR,MT,283850.0,DEMO simulator (seed 20260909),DEMO_DATA
2026-06-22,AL,HINDALCO,AL_INGOT,286050.0,INR,MT,286050.0,DEMO simulator (seed 20260909),DEMO_DATA
2026-06-22,AL,NALCO,AL_INGOT,284000.0,INR,MT,284000.0,DEMO simulator (seed 20260909),DEMO_DATA
2026-06-22,CU,BME,CU_CATHODE,959000.0,INR,MT,959000.0,DEMO simulator (seed 20260909),DEMO_DATA
2026-06-23,AL,BALCO,AL_INGOT,283850.0,INR,MT,283850.0,DEMO simulator (seed 20260909),DEMO_DATA
2026-06-23,AL,HINDALCO,AL_INGOT,286050.0,INR,MT,286050.0,DEMO simulator (seed 20260909),DEMO_DATA
2026-06-23,AL,NALCO,AL_INGOT,280250.0,INR,MT,280250.0,DEMO simulator (seed 20260909),DEMO_DATA
2026-06-23,CU,BME,CU_CATHODE,969900.0,INR,MT,969900.0,DEMO simulator (seed 20260909),DEMO_DATA
2026-06-24,AL,BALCO,AL_INGOT,280300.0,INR,MT,280300.0,DEMO simulator (seed 20260909),DEMO_DATA
2026-06-24,AL,HINDALCO,AL_INGOT,286050.0,INR,MT,286050.0,DEMO simulator (seed 20260909),DEMO_DATA
2026-06-24,AL,NALCO,AL_INGOT,280250.0,INR,MT,280250.0,DEMO simulator (seed 20260909),DEMO_DATA
2026-06-24,CU,BME,CU_CATHODE,971000.0,INR,MT,971000.0,DEMO simulator (seed 20260909),DEMO_DATA
2026-06-25,AL,BALCO,AL_INGOT,280300.0,INR,MT,280300.0,DEMO simulator (seed 20260909),DEMO_DATA
2026-06-25,AL,HINDALCO,AL_INGOT,286050.0,INR,MT,286050.0,DEMO simulator (seed 20260909),DEMO_DATA
2026-06-25,AL,NALCO,AL_INGOT,280250.0,INR,MT,280250.0,DEMO simulator (seed 20260909),DEMO_DATA
2026-06-25,CU,BME,CU_CATHODE,971000.0,INR,MT,971000.0,DEMO simulator (seed 20260909),DEMO_DATA
2026-06-26,AL,BALCO,AL_INGOT,280300.0,INR,MT,280300.0,DEMO simulator (seed 20260909),DEMO_DATA
2026-06-26,AL,HINDALCO,AL_INGOT,278500.0,INR,MT,278500.0,DEMO simulator (seed 20260909),DEMO_DATA
2026-06-26,AL,NALCO,AL_INGOT,280250.0,INR,MT,280250.0,DEMO simulator (seed 20260909),DEMO_DATA
2026-06-26,CU,BME,CU_CATHODE,996500.0,INR,MT,996500.0,DEMO simulator (seed 20260909),DEMO_DATA
2026-06-29,AL,BALCO,AL_INGOT,280300.0,INR,MT,280300.0,DEMO simulator (seed 20260909),DEMO_DATA
2026-06-29,AL,HINDALCO,AL_INGOT,278500.0,INR,MT,278500.0,DEMO simulator (seed 20260909),DEMO_DATA
2026-06-29,AL,NALCO,AL_INGOT,282350.0,INR,MT,282350.0,DEMO simulator (seed 20260909),DEMO_DATA
2026-06-29,CU,BME,CU_CATHODE,994050.0,INR,MT,994050.0,DEMO simulator (seed 20260909),DEMO_DATA
2026-06-30,AL,BALCO,AL_INGOT,280300.0,INR,MT,280300.0,DEMO simulator (seed 20260909),DEMO_DATA
2026-06-30,AL,HINDALCO,AL_INGOT,278500.0,INR,MT,278500.0,DEMO simulator (seed 20260909),DEMO_DATA
2026-06-30,AL,NALCO,AL_INGOT,282350.0,INR,MT,282350.0,DEMO simulator (seed 20260909),DEMO_DATA
2026-06-30,CU,BME,CU_CATHODE,996500.0,INR,MT,996500.0,DEMO simulator (seed 20260909),DEMO_DATA
2026-07-01,AL,BALCO,AL_INGOT,288400.0,INR,MT,288400.0,DEMO simulator (seed 20260909),DEMO_DATA
2026-07-01,AL,HINDALCO,AL_INGOT,278500.0,INR,MT,278500.0,DEMO simulator (seed 20260909),DEMO_DATA
2026-07-01,AL,NALCO,AL_INGOT,282350.0,INR,MT,282350.0,DEMO simulator (seed 20260909),DEMO_DATA
2026-07-01,CU,BME,CU_CATHODE,996500.0,INR,MT,996500.0,DEMO simulator (seed 20260909),DEMO_DATA
2026-07-02,AL,BALCO,AL_INGOT,288400.0,INR,MT,288400.0,DEMO simulator (seed 20260909),DEMO_DATA
2026-07-02,AL,HINDALCO,AL_INGOT,278500.0,INR,MT,278500.0,DEMO simulator (seed 20260909),DEMO_DATA
2026-07-02,AL,NALCO,AL_INGOT,282350.0,INR,MT,282350.0,DEMO simulator (seed 20260909),DEMO_DATA
2026-07-02,CU,BME,CU_CATHODE,989850.0,INR,MT,989850.0,DEMO simulator (seed 20260909),DEMO_DATA
2026-07-03,AL,BALCO,AL_INGOT,288400.0,INR,MT,288400.0,DEMO simulator (seed 20260909),DEMO_DATA
2026-07-03,AL,HINDALCO,AL_INGOT,278500.0,INR,MT,278500.0,DEMO simulator (seed 20260909),DEMO_DATA
2026-07-03,AL,NALCO,AL_INGOT,282350.0,INR,MT,282350.0,DEMO simulator (seed 20260909),DEMO_DATA
2026-07-03,CU,BME,CU_CATHODE,981400.0,INR,MT,981400.0,DEMO simulator (seed 20260909),DEMO_DATA
2026-07-06,AL,BALCO,AL_INGOT,288400.0,INR,MT,288400.0,DEMO simulator (seed 20260909),DEMO_DATA
2026-07-06,AL,HINDALCO,AL_INGOT,284900.0,INR,MT,284900.0,DEMO simulator (seed 20260909),DEMO_DATA
2026-07-06,AL,NALCO,AL_INGOT,282350.0,INR,MT,282350.0,DEMO simulator (seed 20260909),DEMO_DATA
2026-07-06,CU,BME,CU_CATHODE,981400.0,INR,MT,981400.0,DEMO simulator (seed 20260909),DEMO_DATA
2026-07-07,AL,BALCO,AL_INGOT,288400.0,INR,MT,288400.0,DEMO simulator (seed 20260909),DEMO_DATA
2026-07-07,AL,HINDALCO,AL_INGOT,284900.0,INR,MT,284900.0,DEMO simulator (seed 20260909),DEMO_DATA
2026-07-07,AL,NALCO,AL_INGOT,282350.0,INR,MT,282350.0,DEMO simulator (seed 20260909),DEMO_DATA
2026-07-07,CU,BME,CU_CATHODE,987200.0,INR,MT,987200.0,DEMO simulator (seed 20260909),DEMO_DATA
2026-07-08,AL,BALCO,AL_INGOT,288400.0,INR,MT,288400.0,DEMO simulator (seed 20260909),DEMO_DATA
2026-07-08,AL,HINDALCO,AL_INGOT,284900.0,INR,MT,284900.0,DEMO simulator (seed 20260909),DEMO_DATA
2026-07-08,AL,NALCO,AL_INGOT,286350.0,INR,MT,286350.0,DEMO simulator (seed 20260909),DEMO_DATA
2026-07-08,CU,BME,CU_CATHODE,968450.0,INR,MT,968450.0,DEMO simulator (seed 20260909),DEMO_DATA
2026-07-09,AL,BALCO,AL_INGOT,282150.0,INR,MT,282150.0,DEMO simulator (seed 20260909),DEMO_DATA
2026-07-09,AL,HINDALCO,AL_INGOT,284900.0,INR,MT,284900.0,DEMO simulator (seed 20260909),DEMO_DATA
2026-07-09,AL,NALCO,AL_INGOT,286350.0,INR,MT,286350.0,DEMO simulator (seed 20260909),DEMO_DATA
2026-07-09,CU,BME,CU_CATHODE,968100.0,INR,MT,968100.0,DEMO simulator (seed 20260909),DEMO_DATA
2026-07-10,AL,BALCO,AL_INGOT,282150.0,INR,MT,282150.0,DEMO simulator (seed 20260909),DEMO_DATA
2026-07-10,AL,HINDALCO,AL_INGOT,284900.0,INR,MT,284900.0,DEMO simulator (seed 20260909),DEMO_DATA
2026-07-10,AL,NALCO,AL_INGOT,286350.0,INR,MT,286350.0,DEMO simulator (seed 20260909),DEMO_DATA
2026-07-10,CU,BME,CU_CATHODE,968100.0,INR,MT,968100.0,DEMO simulator (seed 20260909),DEMO_DATA
2026-07-13,AL,BALCO,AL_INGOT,282150.0,INR,MT,282150.0,DEMO simulator (seed 20260909),DEMO_DATA
2026-07-13,AL,HINDALCO,AL_INGOT,284350.0,INR,MT,284350.0,DEMO simulator (seed 20260909),DEMO_DATA
2026-07-13,AL,NALCO,AL_INGOT,286350.0,INR,MT,286350.0,DEMO simulator (seed 20260909),DEMO_DATA
2026-07-13,CU,BME,CU_CATHODE,936100.0,INR,MT,936100.0,DEMO simulator (seed 20260909),DEMO_DATA
2026-07-14,AL,BALCO,AL_INGOT,282150.0,INR,MT,282150.0,DEMO simulator (seed 20260909),DEMO_DATA
2026-07-14,AL,HINDALCO,AL_INGOT,284350.0,INR,MT,284350.0,DEMO simulator (seed 20260909),DEMO_DATA
2026-07-14,AL,NALCO,AL_INGOT,286350.0,INR,MT,286350.0,DEMO simulator (seed 20260909),DEMO_DATA
2026-07-14,CU,BME,CU_CATHODE,929250.0,INR,MT,929250.0,DEMO simulator (seed 20260909),DEMO_DATA
2026-07-15,AL,BALCO,AL_INGOT,282150.0,INR,MT,282150.0,DEMO simulator (seed 20260909),DEMO_DATA
2026-07-15,AL,HINDALCO,AL_INGOT,284350.0,INR,MT,284350.0,DEMO simulator (seed 20260909),DEMO_DATA
2026-07-15,AL,NALCO,AL_INGOT,286350.0,INR,MT,286350.0,DEMO simulator (seed 20260909),DEMO_DATA
2026-07-15,CU,BME,CU_CATHODE,929250.0,INR,MT,929250.0,DEMO simulator (seed 20260909),DEMO_DATA
2026-07-16,AL,BALCO,AL_INGOT,282150.0,INR,MT,282150.0,DEMO simulator (seed 20260909),DEMO_DATA
2026-07-16,AL,HINDALCO,AL_INGOT,284350.0,INR,MT,284350.0,DEMO simulator (seed 20260909),DEMO_DATA
2026-07-16,AL,NALCO,AL_INGOT,286350.0,INR,MT,286350.0,DEMO simulator (seed 20260909),DEMO_DATA
2026-07-16,CU,BME,CU_CATHODE,958650.0,INR,MT,958650.0,DEMO simulator (seed 20260909),DEMO_DATA
2026-07-17,AL,BALCO,AL_INGOT,282150.0,INR,MT,282150.0,DEMO simulator (seed 20260909),DEMO_DATA
2026-07-17,AL,HINDALCO,AL_INGOT,284350.0,INR,MT,284350.0,DEMO simulator (seed 20260909),DEMO_DATA
2026-07-17,AL,NALCO,AL_INGOT,286350.0,INR,MT,286350.0,DEMO simulator (seed 20260909),DEMO_DATA
2026-07-17,CU,BME,CU_CATHODE,958650.0,INR,MT,958650.0,DEMO simulator (seed 20260909),DEMO_DATA
2026-07-20,AL,BALCO,AL_INGOT,282150.0,INR,MT,282150.0,DEMO simulator (seed 20260909),DEMO_DATA
2026-07-20,AL,HINDALCO,AL_INGOT,284350.0,INR,MT,284350.0,DEMO simulator (seed 20260909),DEMO_DATA
2026-07-20,AL,NALCO,AL_INGOT,273600.0,INR,MT,273600.0,DEMO simulator (seed 20260909),DEMO_DATA
2026-07-20,CU,BME,CU_CATHODE,954350.0,INR,MT,954350.0,DEMO simulator (seed 20260909),DEMO_DATA
2026-07-21,AL,BALCO,AL_INGOT,273400.0,INR,MT,273400.0,DEMO simulator (seed 20260909),DEMO_DATA
2026-07-21,AL,HINDALCO,AL_INGOT,284350.0,INR,MT,284350.0,DEMO simulator (seed 20260909),DEMO_DATA
2026-07-21,AL,NALCO,AL_INGOT,273600.0,INR,MT,273600.0,DEMO simulator (seed 20260909),DEMO_DATA
2026-07-21,CU,BME,CU_CATHODE,954350.0,INR,MT,954350.0,DEMO simulator (seed 20260909),DEMO_DATA
2026-07-22,AL,BALCO,AL_INGOT,273400.0,INR,MT,273400.0,DEMO simulator (seed 20260909),DEMO_DATA
2026-07-22,AL,HINDALCO,AL_INGOT,284350.0,INR,MT,284350.0,DEMO simulator (seed 20260909),DEMO_DATA
2026-07-22,AL,NALCO,AL_INGOT,273600.0,INR,MT,273600.0,DEMO simulator (seed 20260909),DEMO_DATA
2026-07-22,CU,BME,CU_CATHODE,935200.0,INR,MT,935200.0,DEMO simulator (seed 20260909),DEMO_DATA
2026-07-23,AL,BALCO,AL_INGOT,273400.0,INR,MT,273400.0,DEMO simulator (seed 20260909),DEMO_DATA
2026-07-23,AL,HINDALCO,AL_INGOT,269500.0,INR,MT,269500.0,DEMO simulator (seed 20260909),DEMO_DATA
2026-07-23,AL,NALCO,AL_INGOT,273600.0,INR,MT,273600.0,DEMO simulator (seed 20260909),DEMO_DATA
2026-07-23,CU,BME,CU_CATHODE,931450.0,INR,MT,931450.0,DEMO simulator (seed 20260909),DEMO_DATA
2026-07-24,AL,BALCO,AL_INGOT,273400.0,INR,MT,273400.0,DEMO simulator (seed 20260909),DEMO_DATA
2026-07-24,AL,HINDALCO,AL_INGOT,269500.0,INR,MT,269500.0,DEMO simulator (seed 20260909),DEMO_DATA
2026-07-24,AL,NALCO,AL_INGOT,273600.0,INR,MT,273600.0,DEMO simulator (seed 20260909),DEMO_DATA
2026-07-24,CU,BME,CU_CATHODE,944900.0,INR,MT,944900.0,DEMO simulator (seed 20260909),DEMO_DATA
2026-07-27,AL,BALCO,AL_INGOT,273400.0,INR,MT,273400.0,DEMO simulator (seed 20260909),DEMO_DATA
2026-07-27,AL,HINDALCO,AL_INGOT,269500.0,INR,MT,269500.0,DEMO simulator (seed 20260909),DEMO_DATA
2026-07-27,AL,NALCO,AL_INGOT,273600.0,INR,MT,273600.0,DEMO simulator (seed 20260909),DEMO_DATA
2026-07-27,CU,BME,CU_CATHODE,935950.0,INR,MT,935950.0,DEMO simulator (seed 20260909),DEMO_DATA
2026-07-28,AL,BALCO,AL_INGOT,270250.0,INR,MT,270250.0,DEMO simulator (seed 20260909),DEMO_DATA
2026-07-28,AL,HINDALCO,AL_INGOT,269500.0,INR,MT,269500.0,DEMO simulator (seed 20260909),DEMO_DATA
2026-07-28,AL,NALCO,AL_INGOT,273600.0,INR,MT,273600.0,DEMO simulator (seed 20260909),DEMO_DATA
2026-07-28,CU,BME,CU_CATHODE,935950.0,INR,MT,935950.0,DEMO simulator (seed 20260909),DEMO_DATA
2026-07-29,AL,BALCO,AL_INGOT,270250.0,INR,MT,270250.0,DEMO simulator (seed 20260909),DEMO_DATA
2026-07-29,AL,HINDALCO,AL_INGOT,269500.0,INR,MT,269500.0,DEMO simulator (seed 20260909),DEMO_DATA
2026-07-29,AL,NALCO,AL_INGOT,273600.0,INR,MT,273600.0,DEMO simulator (seed 20260909),DEMO_DATA
2026-07-29,CU,BME,CU_CATHODE,945800.0,INR,MT,945800.0,DEMO simulator (seed 20260909),DEMO_DATA
2026-07-30,AL,BALCO,AL_INGOT,270250.0,INR,MT,270250.0,DEMO simulator (seed 20260909),DEMO_DATA
2026-07-30,AL,HINDALCO,AL_INGOT,269500.0,INR,MT,269500.0,DEMO simulator (seed 20260909),DEMO_DATA
2026-07-30,AL,NALCO,AL_INGOT,274200.0,INR,MT,274200.0,DEMO simulator (seed 20260909),DEMO_DATA
2026-07-30,CU,BME,CU_CATHODE,945800.0,INR,MT,945800.0,DEMO simulator (seed 20260909),DEMO_DATA
2026-07-31,AL,BALCO,AL_INGOT,270250.0,INR,MT,270250.0,DEMO simulator (seed 20260909),DEMO_DATA
2026-07-31,AL,HINDALCO,AL_INGOT,269500.0,INR,MT,269500.0,DEMO simulator (seed 20260909),DEMO_DATA
2026-07-31,AL,NALCO,AL_INGOT,274200.0,INR,MT,274200.0,DEMO simulator (seed 20260909),DEMO_DATA
2026-07-31,CU,BME,CU_CATHODE,946650.0,INR,MT,946650.0,DEMO simulator (seed 20260909),DEMO_DATA
2026-08-03,AL,BALCO,AL_INGOT,270250.0,INR,MT,270250.0,DEMO simulator (seed 20260909),DEMO_DATA
2026-08-03,AL,HINDALCO,AL_INGOT,272850.0,INR,MT,272850.0,DEMO simulator (seed 20260909),DEMO_DATA
2026-08-03,AL,NALCO,AL_INGOT,274200.0,INR,MT,274200.0,DEMO simulator (seed 20260909),DEMO_DATA
2026-08-03,CU,BME,CU_CATHODE,931800.0,INR,MT,931800.0,DEMO simulator (seed 20260909),DEMO_DATA
2026-08-04,AL,BALCO,AL_INGOT,270250.0,INR,MT,270250.0,DEMO simulator (seed 20260909),DEMO_DATA
2026-08-04,AL,HINDALCO,AL_INGOT,272850.0,INR,MT,272850.0,DEMO simulator (seed 20260909),DEMO_DATA
2026-08-04,AL,NALCO,AL_INGOT,274200.0,INR,MT,274200.0,DEMO simulator (seed 20260909),DEMO_DATA
2026-08-04,CU,BME,CU_CATHODE,945650.0,INR,MT,945650.0,DEMO simulator (seed 20260909),DEMO_DATA
2026-08-05,AL,BALCO,AL_INGOT,265000.0,INR,MT,265000.0,DEMO simulator (seed 20260909),DEMO_DATA
2026-08-05,AL,HINDALCO,AL_INGOT,272850.0,INR,MT,272850.0,DEMO simulator (seed 20260909),DEMO_DATA
2026-08-05,AL,NALCO,AL_INGOT,274200.0,INR,MT,274200.0,DEMO simulator (seed 20260909),DEMO_DATA
2026-08-05,CU,BME,CU_CATHODE,950250.0,INR,MT,950250.0,DEMO simulator (seed 20260909),DEMO_DATA
2026-08-06,AL,BALCO,AL_INGOT,265000.0,INR,MT,265000.0,DEMO simulator (seed 20260909),DEMO_DATA
2026-08-06,AL,HINDALCO,AL_INGOT,272850.0,INR,MT,272850.0,DEMO simulator (seed 20260909),DEMO_DATA
2026-08-06,AL,NALCO,AL_INGOT,274200.0,INR,MT,274200.0,DEMO simulator (seed 20260909),DEMO_DATA
2026-08-06,CU,BME,CU_CATHODE,950250.0,INR,MT,950250.0,DEMO simulator (seed 20260909),DEMO_DATA
2026-08-07,AL,BALCO,AL_INGOT,265000.0,INR,MT,265000.0,DEMO simulator (seed 20260909),DEMO_DATA
2026-08-07,AL,HINDALCO,AL_INGOT,272850.0,INR,MT,272850.0,DEMO simulator (seed 20260909),DEMO_DATA
2026-08-07,AL,NALCO,AL_INGOT,274200.0,INR,MT,274200.0,DEMO simulator (seed 20260909),DEMO_DATA
2026-08-07,CU,BME,CU_CATHODE,940150.0,INR,MT,940150.0,DEMO simulator (seed 20260909),DEMO_DATA
2026-08-10,AL,BALCO,AL_INGOT,265000.0,INR,MT,265000.0,DEMO simulator (seed 20260909),DEMO_DATA
2026-08-10,AL,HINDALCO,AL_INGOT,261550.0,INR,MT,261550.0,DEMO simulator (seed 20260909),DEMO_DATA
2026-08-10,AL,NALCO,AL_INGOT,274200.0,INR,MT,274200.0,DEMO simulator (seed 20260909),DEMO_DATA
2026-08-10,CU,BME,CU_CATHODE,929100.0,INR,MT,929100.0,DEMO simulator (seed 20260909),DEMO_DATA
2026-08-11,AL,BALCO,AL_INGOT,263950.0,INR,MT,263950.0,DEMO simulator (seed 20260909),DEMO_DATA
2026-08-11,AL,HINDALCO,AL_INGOT,261550.0,INR,MT,261550.0,DEMO simulator (seed 20260909),DEMO_DATA
2026-08-11,AL,NALCO,AL_INGOT,265650.0,INR,MT,265650.0,DEMO simulator (seed 20260909),DEMO_DATA
2026-08-11,CU,BME,CU_CATHODE,929100.0,INR,MT,929100.0,DEMO simulator (seed 20260909),DEMO_DATA
2026-08-12,AL,BALCO,AL_INGOT,263950.0,INR,MT,263950.0,DEMO simulator (seed 20260909),DEMO_DATA
2026-08-12,AL,HINDALCO,AL_INGOT,261550.0,INR,MT,261550.0,DEMO simulator (seed 20260909),DEMO_DATA
2026-08-12,AL,NALCO,AL_INGOT,265650.0,INR,MT,265650.0,DEMO simulator (seed 20260909),DEMO_DATA
2026-08-12,CU,BME,CU_CATHODE,929750.0,INR,MT,929750.0,DEMO simulator (seed 20260909),DEMO_DATA
2026-08-13,AL,BALCO,AL_INGOT,263950.0,INR,MT,263950.0,DEMO simulator (seed 20260909),DEMO_DATA
2026-08-13,AL,HINDALCO,AL_INGOT,261550.0,INR,MT,261550.0,DEMO simulator (seed 20260909),DEMO_DATA
2026-08-13,AL,NALCO,AL_INGOT,265650.0,INR,MT,265650.0,DEMO simulator (seed 20260909),DEMO_DATA
2026-08-13,CU,BME,CU_CATHODE,929750.0,INR,MT,929750.0,DEMO simulator (seed 20260909),DEMO_DATA
2026-08-14,AL,BALCO,AL_INGOT,263950.0,INR,MT,263950.0,DEMO simulator (seed 20260909),DEMO_DATA
2026-08-14,AL,HINDALCO,AL_INGOT,261550.0,INR,MT,261550.0,DEMO simulator (seed 20260909),DEMO_DATA
2026-08-14,AL,NALCO,AL_INGOT,266300.0,INR,MT,266300.0,DEMO simulator (seed 20260909),DEMO_DATA
2026-08-14,CU,BME,CU_CATHODE,904550.0,INR,MT,904550.0,DEMO simulator (seed 20260909),DEMO_DATA
2026-08-17,AL,BALCO,AL_INGOT,263950.0,INR,MT,263950.0,DEMO simulator (seed 20260909),DEMO_DATA
2026-08-17,AL,HINDALCO,AL_INGOT,261550.0,INR,MT,261550.0,DEMO simulator (seed 20260909),DEMO_DATA
2026-08-17,AL,NALCO,AL_INGOT,266300.0,INR,MT,266300.0,DEMO simulator (seed 20260909),DEMO_DATA
2026-08-17,CU,BME,CU_CATHODE,904550.0,INR,MT,904550.0,DEMO simulator (seed 20260909),DEMO_DATA
2026-08-18,AL,BALCO,AL_INGOT,263950.0,INR,MT,263950.0,DEMO simulator (seed 20260909),DEMO_DATA
2026-08-18,AL,HINDALCO,AL_INGOT,267000.0,INR,MT,267000.0,DEMO simulator (seed 20260909),DEMO_DATA
2026-08-18,AL,NALCO,AL_INGOT,266300.0,INR,MT,266300.0,DEMO simulator (seed 20260909),DEMO_DATA
2026-08-18,CU,BME,CU_CATHODE,895700.0,INR,MT,895700.0,DEMO simulator (seed 20260909),DEMO_DATA
2026-08-19,AL,BALCO,AL_INGOT,263950.0,INR,MT,263950.0,DEMO simulator (seed 20260909),DEMO_DATA
2026-08-19,AL,HINDALCO,AL_INGOT,267000.0,INR,MT,267000.0,DEMO simulator (seed 20260909),DEMO_DATA
2026-08-19,AL,NALCO,AL_INGOT,266300.0,INR,MT,266300.0,DEMO simulator (seed 20260909),DEMO_DATA
2026-08-19,CU,BME,CU_CATHODE,907550.0,INR,MT,907550.0,DEMO simulator (seed 20260909),DEMO_DATA
2026-08-20,AL,BALCO,AL_INGOT,263150.0,INR,MT,263150.0,DEMO simulator (seed 20260909),DEMO_DATA
2026-08-20,AL,HINDALCO,AL_INGOT,267000.0,INR,MT,267000.0,DEMO simulator (seed 20260909),DEMO_DATA
2026-08-20,AL,NALCO,AL_INGOT,266300.0,INR,MT,266300.0,DEMO simulator (seed 20260909),DEMO_DATA
2026-08-20,CU,BME,CU_CATHODE,907550.0,INR,MT,907550.0,DEMO simulator (seed 20260909),DEMO_DATA
2026-08-21,AL,BALCO,AL_INGOT,263150.0,INR,MT,263150.0,DEMO simulator (seed 20260909),DEMO_DATA
2026-08-21,AL,HINDALCO,AL_INGOT,267000.0,INR,MT,267000.0,DEMO simulator (seed 20260909),DEMO_DATA
2026-08-21,AL,NALCO,AL_INGOT,266300.0,INR,MT,266300.0,DEMO simulator (seed 20260909),DEMO_DATA
2026-08-21,CU,BME,CU_CATHODE,903550.0,INR,MT,903550.0,DEMO simulator (seed 20260909),DEMO_DATA
2026-08-24,AL,BALCO,AL_INGOT,263150.0,INR,MT,263150.0,DEMO simulator (seed 20260909),DEMO_DATA
2026-08-24,AL,HINDALCO,AL_INGOT,267600.0,INR,MT,267600.0,DEMO simulator (seed 20260909),DEMO_DATA
2026-08-24,AL,NALCO,AL_INGOT,266300.0,INR,MT,266300.0,DEMO simulator (seed 20260909),DEMO_DATA
2026-08-24,CU,BME,CU_CATHODE,903550.0,INR,MT,903550.0,DEMO simulator (seed 20260909),DEMO_DATA
2026-08-25,AL,BALCO,AL_INGOT,263150.0,INR,MT,263150.0,DEMO simulator (seed 20260909),DEMO_DATA
2026-08-25,AL,HINDALCO,AL_INGOT,267600.0,INR,MT,267600.0,DEMO simulator (seed 20260909),DEMO_DATA
2026-08-25,AL,NALCO,AL_INGOT,266300.0,INR,MT,266300.0,DEMO simulator (seed 20260909),DEMO_DATA
2026-08-25,CU,BME,CU_CATHODE,895300.0,INR,MT,895300.0,DEMO simulator (seed 20260909),DEMO_DATA
2026-08-26,AL,BALCO,AL_INGOT,270550.0,INR,MT,270550.0,DEMO simulator (seed 20260909),DEMO_DATA
2026-08-26,AL,HINDALCO,AL_INGOT,267600.0,INR,MT,267600.0,DEMO simulator (seed 20260909),DEMO_DATA
2026-08-26,AL,NALCO,AL_INGOT,268650.0,INR,MT,268650.0,DEMO simulator (seed 20260909),DEMO_DATA
2026-08-26,CU,BME,CU_CATHODE,895300.0,INR,MT,895300.0,DEMO simulator (seed 20260909),DEMO_DATA
2026-08-27,AL,BALCO,AL_INGOT,270550.0,INR,MT,270550.0,DEMO simulator (seed 20260909),DEMO_DATA
2026-08-27,AL,HINDALCO,AL_INGOT,267600.0,INR,MT,267600.0,DEMO simulator (seed 20260909),DEMO_DATA
2026-08-27,AL,NALCO,AL_INGOT,268650.0,INR,MT,268650.0,DEMO simulator (seed 20260909),DEMO_DATA
2026-08-27,CU,BME,CU_CATHODE,880550.0,INR,MT,880550.0,DEMO simulator (seed 20260909),DEMO_DATA
2026-08-28,AL,BALCO,AL_INGOT,270550.0,INR,MT,270550.0,DEMO simulator (seed 20260909),DEMO_DATA
2026-08-28,AL,HINDALCO,AL_INGOT,269600.0,INR,MT,269600.0,DEMO simulator (seed 20260909),DEMO_DATA
2026-08-28,AL,NALCO,AL_INGOT,268650.0,INR,MT,268650.0,DEMO simulator (seed 20260909),DEMO_DATA
2026-08-28,CU,BME,CU_CATHODE,872950.0,INR,MT,872950.0,DEMO simulator (seed 20260909),DEMO_DATA
2026-08-31,AL,BALCO,AL_INGOT,270550.0,INR,MT,270550.0,DEMO simulator (seed 20260909),DEMO_DATA
2026-08-31,AL,HINDALCO,AL_INGOT,269600.0,INR,MT,269600.0,DEMO simulator (seed 20260909),DEMO_DATA
2026-08-31,AL,NALCO,AL_INGOT,268650.0,INR,MT,268650.0,DEMO simulator (seed 20260909),DEMO_DATA
2026-08-31,CU,BME,CU_CATHODE,872950.0,INR,MT,872950.0,DEMO simulator (seed 20260909),DEMO_DATA
2026-09-01,AL,BALCO,AL_INGOT,270550.0,INR,MT,270550.0,DEMO simulator (seed 20260909),DEMO_DATA
2026-09-01,AL,HINDALCO,AL_INGOT,269600.0,INR,MT,269600.0,DEMO simulator (seed 20260909),DEMO_DATA
2026-09-01,AL,NALCO,AL_INGOT,268650.0,INR,MT,268650.0,DEMO simulator (seed 20260909),DEMO_DATA
2026-09-01,CU,BME,CU_CATHODE,852100.0,INR,MT,852100.0,DEMO simulator (seed 20260909),DEMO_DATA
2026-09-02,AL,BALCO,AL_INGOT,270550.0,INR,MT,270550.0,DEMO simulator (seed 20260909),DEMO_DATA
2026-09-02,AL,HINDALCO,AL_INGOT,269600.0,INR,MT,269600.0,DEMO simulator (seed 20260909),DEMO_DATA
2026-09-02,AL,NALCO,AL_INGOT,268650.0,INR,MT,268650.0,DEMO simulator (seed 20260909),DEMO_DATA
2026-09-02,CU,BME,CU_CATHODE,863050.0,INR,MT,863050.0,DEMO simulator (seed 20260909),DEMO_DATA
2026-09-03,AL,BALCO,AL_INGOT,263900.0,INR,MT,263900.0,DEMO simulator (seed 20260909),DEMO_DATA
2026-09-03,AL,HINDALCO,AL_INGOT,269600.0,INR,MT,269600.0,DEMO simulator (seed 20260909),DEMO_DATA
2026-09-03,AL,NALCO,AL_INGOT,258800.0,INR,MT,258800.0,DEMO simulator (seed 20260909),DEMO_DATA
2026-09-03,CU,BME,CU_CATHODE,876900.0,INR,MT,876900.0,DEMO simulator (seed 20260909),DEMO_DATA
2026-09-04,AL,BALCO,AL_INGOT,263900.0,INR,MT,263900.0,DEMO simulator (seed 20260909),DEMO_DATA
2026-09-04,AL,HINDALCO,AL_INGOT,269600.0,INR,MT,269600.0,DEMO simulator (seed 20260909),DEMO_DATA
2026-09-04,AL,NALCO,AL_INGOT,258800.0,INR,MT,258800.0,DEMO simulator (seed 20260909),DEMO_DATA
2026-09-04,CU,BME,CU_CATHODE,876900.0,INR,MT,876900.0,DEMO simulator (seed 20260909),DEMO_DATA
2026-09-07,AL,BALCO,AL_INGOT,263900.0,INR,MT,263900.0,DEMO simulator (seed 20260909),DEMO_DATA
2026-09-07,AL,HINDALCO,AL_INGOT,264700.0,INR,MT,264700.0,DEMO simulator (seed 20260909),DEMO_DATA
2026-09-07,AL,NALCO,AL_INGOT,258800.0,INR,MT,258800.0,DEMO simulator (seed 20260909),DEMO_DATA
2026-09-07,CU,BME,CU_CATHODE,877300.0,INR,MT,877300.0,DEMO simulator (seed 20260909),DEMO_DATA
2026-09-08,AL,BALCO,AL_INGOT,263900.0,INR,MT,263900.0,DEMO simulator (seed 20260909),DEMO_DATA
2026-09-08,AL,HINDALCO,AL_INGOT,264700.0,INR,MT,264700.0,DEMO simulator (seed 20260909),DEMO_DATA
2026-09-08,AL,NALCO,AL_INGOT,258800.0,INR,MT,258800.0,DEMO simulator (seed 20260909),DEMO_DATA
2026-09-08,CU,BME,CU_CATHODE,877300.0,INR,MT,877300.0,DEMO simulator (seed 20260909),DEMO_DATA
2026-09-09,AL,BALCO,AL_INGOT,263900.0,INR,MT,263900.0,DEMO simulator (seed 20260909),DEMO_DATA
2026-09-09,AL,HINDALCO,AL_INGOT,264700.0,INR,MT,264700.0,DEMO simulator (seed 20260909),DEMO_DATA
2026-09-09,AL,NALCO,AL_INGOT,258800.0,INR,MT,258800.0,DEMO simulator (seed 20260909),DEMO_DATA
2026-09-09,CU,BME,CU_CATHODE,894200.0,INR,MT,894200.0,DEMO simulator (seed 20260909),DEMO_DATA
